S01300006669726D776172655F6170702E733139E4
S325080000000000022075430008791C0008811C0008891C0008911C0008991C0008000000008F
S32508000020000000000000000000000000A11C0008AF1C000800000000BD1C0008CB1C00084A
S32508000040C5430008C5430008C5430008C5430008C5430008C5430008C5430008C543000812
S32508000060C5430008DB1C0008E91C0008C5430008C5430008C5430008C5430008C543000806
S32508000080C5430008C5430008C5430008C5430008F91C0008C5430008C5430008C5430008C5
S325080000A0C5430008C5430008C5430008C5430008C5430008C54300080D1D0008C543000890
S325080000C0C5430008C5430008C5430008C5430008C5430008211D0008C5430008C54300085C
S325080000E0C5430008C5430008C5430008C5430008C5430008C5430008C5430008C543000872
S32508000100C5430008C5430008C5430008C5430008C5430008C5430008C5430008C543000851
S32508000120C5430008C5430008C5430008C5430008C5430008C5430008C5430008C543000831
S32508000140351D0008C5430008C5430008C5430008C5430008C5430008C5430008C5430008C7
S32508000160C5430008C5430008C5430008C5430008C5430008C5430008C54300080000000001
S30D08000180C5430008C543000849
S3250800019010B5054C237833B9044B13B10448AFF300800123237010BDF80100200000000086
S325080001B0C0BA000808B5034B1BB103490348AFF3008008BD00000000FC010020C0BA0008AB
S325080001D001F0FF01102A2BDB10F0070F08D010F8013B013A8B422DD010F0070F42B3F6D1C7
S325080001F0F0B441EA012141EA014122F007047FF000070023F0E80256083C85EA010586EA74
S32508000210010685FA47F5A3FA87F586FA47F6A5FA87F68EB9EED1F0BC01F0FF0102F007026E
S3250800023032B110F8013B013A83EA010313B1F8D10020704701387047002D06BF35460338D1
S32508000250073815F0010F07D1013015F4807F02BF013015F4C03F0130F0BC0138704700BF95
S32508000270034613F8012B002AFBD1181A0138704781F0004102E000BF83F0004330B54FEAA1
S3250800029041044FEA430594EA050F08BF90EA020F1FBF54EA000C55EA020C7FEA645C7FEA8F
S325080002B0655C00F0E2804FEA5454D4EB5555B8BF6D420CDD2C4480EA020281EA030382EAF9
S325080002D0000083EA010180EA020281EA0303362D88BF30BD11F0004F4FEA01314FF4801C81
S325080002F04CEA113102D0404261EB410113F0004F4FEA03334CEA133302D0524263EB43034F
S3250800031094EA050F00F0A780A4F10104D5F1200E0DDB02FA0EFC22FA05F2801841F10001BC
S3250800033003FA0EF2801843FA05F359410EE0A5F120050EF1200E012A03FA0EFC28BF4CF010
S32508000350020C43FA05F3C01851EBE37101F0004507D54FF0000EDCF1000C7EEB00006EEBDA
S325080003700101B1F5801F1BD3B1F5001F0CD349085FEA30004FEA3C0C04F101044FEA445272
S3250800039012F5800F80F09A80BCF1004F08BF5FEA500C50F1000041EB045141EA050130BDD7
S325080003B05FEA4C0C404141EB0101013C28BFB1F5801FE9D291F0000F04BF01460020B1FA46
S325080003D081F308BF2033A3F10B03B3F120020CDA0C3208DD02F1140CC2F10C0201FA0CF035
S325080003F021FA02F10CE002F11402D8BFC2F1200C01FA02F120FA0CFCDCBF41EA0C019040B3
S32508000410E41AA2BF01EB0451294330BD6FEA04041F3C1CDA0C340EDC04F11404C4F1200205
S3250800043020FA04F001FA02F340EA030021FA04F345EA030130BDC4F10C04C4F1200220FA8B
S3250800045002F001FA04F340EA0300294630BD21FA04F0294630BD94F0000F83F4801306BF44
S3250800047081F480110134013D4EE77FEA645C18BF7FEA655C29D094EA050F08BF90EA020FA9
S3250800049005D054EA000C04BF1946104630BD91EA030F1EBF0021002030BD5FEA545C05D153
S325080004B04000494128BF41F0004130BD14F580043CBF01F5801130BD01F0004545F0FE4168
S325080004D041F470014FF0000030BD7FEA645C1ABF194610467FEA655C1CBF0B46024650EA9D
S325080004F0013406BF52EA033591EA030F41F4002130BD00BF90F0000F04BF0021704730B5D2
S325080005104FF4806404F132044FF000054FF0000150E700BF90F0000F04BF0021704730B5E2
S325080005304FF4806404F1320410F0004548BF40424FF000013EE700BF42004FEAE2014FEAC2
S3250800055031014FEA02701FBF12F07F4393F07F4F81F06051704732F07F4208BF704793F0F0
S325080005707F4F04BF41F40021704730B54FF4607401F0004521F000411CE700BF50EA01023C
S3250800059008BF704730B54FF000050AE050EA010208BF704730B511F0004502D5404261EB21
S325080005B041014FF4806404F132045FEA915C3FF4D8AE4FF003025FEADC0C18BF03325FEAD0
S325080005D0DC0C18BF033202EBDC02C2F1200300FA03FC20FA02F001FA03FE40EA0E0021FA14
S325080005F002F11444BDE600BF70B54FF0FF0C4CF4E06C1CEA11541DBF1CEA135594EA0C0FE7
S3250800061095EA0C0F00F0DEF82C4481EA030621EA4C5123EA4C5350EA013518BF52EA033569
S3250800063041F4801143F4801338D0A0FB02CE4FF00005E1FB02E506F00042E0FB03E54FF058
S325080006500006E1FB03569CF0000F18BF4EF0010EA4F1FF04B6F5007F64F5407404D25FEA94
S325080006704E0E6D4146EB060642EAC62141EA55514FEAC52040EA5E504FEACE2EB4F1FD0C58
S3250800069088BFBCF5E06F1ED8BEF1004F08BF5FEA500E50F1000041EB045170BD06F0004668
S325080006B046EA010140EA020081EA0301B4EB5C04C2BFD4EB0C0541EA045170BD41F480118C
S325080006D04FF0000E013C00F3AB8014F1360FDEBF002001F0004170BDC4F10004203C35DACA
S325080006F00C341BDC04F11404C4F1200500FA05F320FA04F001FA05F240EA020001F000426D
S3250800071021F0004110EBD37021FA04F642EB06015EEA430E08BF20EAD37070BDC4F10C0443
S32508000730C4F1200500FA04F320FA05F001FA04F240EA020001F0004110EBD37041F1000101
S325080007505EEA430E08BF20EAD37070BDC4F1200500FA05F24EEA020E20FA04F301FA05F28B
S3250800077043EA020321FA04F001F0004121FA04F220EA020000EBD3705EEA430E08BF20EA33
S32508000790D37070BD94F0000F0FD101F00046400041EB010111F4801F08BF013CF7D041EA19
S325080007B0060195F0000F18BF704703F00046520043EB030313F4801F08BF013DF7D043EA94
S325080007D00603704794EA0C0F0CEA135518BF95EA0C0F0CD050EA410618BF52EA4306D1D178
S325080007F081EA030101F000414FF0000070BD50EA410606BF1046194652EA430619D094EAE7
S325080008100C0F02D150EA013613D195EA0C0F05D152EA03361CBF104619460AD181EA0301B8
S3250800083001F0004141F0FE4141F470014FF0000070BD41F0FE4141F4780170BD70B54FF037
S32508000850FF0C4CF4E06C1CEA11541DBF1CEA135594EA0C0F95EA0C0F00F0A7F8A4EB0504D4
S3250800087081EA030E52EA03354FEA013100F088804FEA03334FF0805545EA131343EA12638D
S325080008904FEA022245EA111545EA10654FEA00260EF000419D4208BF964244F1FD0404F599
S325080008B0407402D25B084FEA3202B61A65EB03055B084FEA32024FF480104FF4002CB6EBE7
S325080008D0020E75EB030E22BFB61A754640EA0C005B084FEA3202B6EB020E75EB030E22BF04
S325080008F0B61A754640EA5C005B084FEA3202B6EB020E75EB030E22BFB61A754640EA9C00A5
S325080009105B084FEA3202B6EB020E75EB030E22BFB61A754640EADC0055EA060E18D04FEAE1
S32508000930051545EA16754FEA06164FEAC30343EA52734FEAC2025FEA1C1CC0D111F4801FCC
S325080009500BD141EA00014FF000004FF0004CB6E711F4801F04BF01430020B4F1FD0C88BF4A
S32508000970BCF5E06F3FF6AFAEB5EB030C04BFB6EB020C5FEA500C50F1000041EB045170BD12
S325080009900EF0004E4EEA113114EB5C04C2BFD4EB0C0541EA045170BD41F480114FF0000E03
S325080009B0013C90E645EA060E8DE60CEA135594EA0C0F08BF95EA0C0F3FF43BAF94EA0C0FA2
S325080009D00AD150EA01347FF434AF95EA0C0F7FF425AF104619462CE795EA0C0F06D152EA03
S325080009F003353FF4FDAE1046194622E750EA410618BF52EA43067FF4C5AE50EA41047FF450
S32508000A100DAF52EA43057FF4EBAE12E74FF0FF3C06E000BF4FF0010C02E000BF4FF0010C1B
S32508000A304DF804CD4FEA410C7FEA6C5C4FEA430C18BF7FEA6C5C1BD001B050EA410C0CBF4D
S32508000A5052EA430C91EA030F02BF90EA020F0020704710F1000F91EA030F58BF994208BFE7
S32508000A7090422CBFD8176FEAE37040F0010070474FEA410C7FEA6C5C02D150EA013C07D13F
S32508000A904FEA430C7FEA6C5CD6D152EA033CD3D05DF8040B704700BF8446104662468C4646
S32508000AB01946634600E000BF01B5FFF7B7FF002848BF10F1000F01BD4DF808EDFFF7F4FFEF
S32508000AD00CBF012000205DF808FB00BF4DF808EDFFF7EAFF34BF012000205DF808FB00BF71
S32508000AF04DF808EDFFF7E0FF94BF012000205DF808FB00BF4DF808EDFFF7CEFF94BF0120AD
S32508000B1000205DF808FB00BF4DF808EDFFF7C4FF34BF012000205DF808FB00BF4FEA410CBC
S32508000B307FEA6C5C02D150EA013C0AD14FEA430C7FEA6C5C02D152EA033C02D14FF0000028
S32508000B5070474FF0010070474FEA410212F5001215D211D56FF47873B3EB625212D94FEAA3
S32508000B70C12343F0004343EA505311F0004F23FA02F018BF404270474FF00000704750EA8E
S32508000B90013005D111F0004008BF6FF0004070474FF00000704700BF53B94AB9002908BF1E
S32508000BB000281CBF4FF0FF314FF0FF3000F088B9ADF1080C6DE904CE00F006F8DDF804E085
S32508000BD0DDE9022304B070472DE9F047089D8E4604468846002B4AD18A42174662D9B2FA6D
S32508000BF082F64EB1C6F1200301FA06F820FA03F3B74043EA0808B4404FEA174E1FFA87FC1B
S32508000C10B8FBFEF1230C0EFB118843EA084301FB0CF29A4209D9FB1801F1FF3080F0EA8005
S32508000C309A4240F2E78002393B449A1AA3B2B2FBFEF00EFB102243EA024300FB0CFC9C4532
S32508000C5009D9FB1800F1FF3280F0D6809C4540F2D3803B44023840EA0140A3EB0C03002151
S32508000C701DB1F3400022C5E90032BDE8F0878B4205D90DB1C5E9000100210846F5E7B3FA27
S32508000C9083F1002946D1734502D3824200F20581841A6EEB030201209046002DE5D0C5E936
S32508000CB00048E2E7002A00F09080B2FA82F6002E40F0A4808A1A030C4FEA174E80B2BCB244
S32508000CD00121B2FBFEFC0EFB1C2243EA024304FB0CF29A4207D9FB180CF1FF3802D29A42C4
S32508000CF000F2E080C4469B1AB3FBFEF20EFB123340EA034302FB04F49C4207D9FB1802F1B0
S32508000D10FF3002D29C4200F2CA8002461B1B42EA0C40A5E7C1F120068B4022FA06F71F43F8
S32508000D300EFA01F420FA06F32EFA06FE4FEA1749234300FA01F81FFA87FCBEFBF9F01C0C01
S32508000D5009FB10EE44EA0E4400FB0CFEA64502FA01F209D93C1900F1FF3A80F09C80A6453C
S32508000D7040F2998002383C44A4EB0E041FFA83FEB4FBF9F309FB13444EEA044403FB0CFC99
S32508000D90A44508D93C1903F1FF3E80F08280A4457FD9023B3C4443EA0040A4EB0C04A0FBCE
S32508000DB002EC64457346E14662D35FD05DB1B8EB030264EB090404FA06F622FA01F31E43BD
S32508000DD0CC40C5E9006400214FE7B1FBF2FC010C41EA0E4180B240EA01423B4638463C463F
S32508000DF0B846BE462026B1FBF7F1A2EB080241EA0C4166E7014618E710462CE7C6F1200215
S32508000E102EFA02F3B740B14020FA02F24FEA174E0A43B3FBFEF8BCB20EFB1833110C41EA08
S32508000E30034108FB04F9B04089454FEA104380B23ED9791808F1FF3C01D289451FD8A1EBD4
S32508000E500901B1FBFEF909FB04F80EFB191192B242EA0142424529D2BA1809F1FF31C4D2CD
S32508000E704245C2D2A9F102013A44BEE7F0459DD2BEEB02036CEB070C0138E14696E7A7EB4E
S32508000E9009094944A8F1020CB1FBFEF909FB04F8DBE773467FE7504666E70846FDE63B44D7
S32508000EB0023A33E7ACF1020C3B441CE749469CE7A1EB0901C446B1FBFEF909FB04F8C4E791
S32508000ED0704700BF80B400AF064B00221A60064B00221A60054B00221A6000BFBD465DF8BE
S32508000EF0047B7047180200201C0200202002002080B400AF00BFBD465DF8047B70470000B4
S32508000F1080B400AF214B1B680133204A13601F4B19681F4BA3FB0123DA0813469B0013448C
S32508000F305B00CA1A002A02D11A4B01221A701A4B1B680133184A1360174B1A68174BA3FB70
S32508000F5002135B09642101FB03F3D31A002B02D1134B01221A70134B1B680133114A1360AA
S32508000F70104B1A68104BA3FB02139B094FF47A7101FB03F3D31A002B02D10C4B01221A70B5
S32508000F9000BFBD465DF8047B704700BF18020020CDCCCCCC140200201C0200201F85EB5168
S32508000FB01502002020020020D34D62101602002080B582B000AF7860391D4FF6FF730122B2
S32508000FD0034807F0BBF87B6818460837BD4680BD4403002080B582B000AF4FF000037B60A4
S32508000FF003F0EAF900F086F800F0E2FA00F0EEF800F022F900F056F900F068F900F0C0F9A9
S3250800101000F0F4F900F056FA00F07EFA00F0A6FA03F09CF903F075F82E4802F0C3FC02216B
S325080010302D4803F075F803F03FF90346002B03D12A4808F0CBFD02E0294808F0C7FD01F018
S32508001050E9FB01F0A5F901F0B9FB01F055F801F001FD02F0F1FA02F03DFCFFF733FFFFF707
S3250800107047FF204B1B78002B10D002F0CFFE03F059F901F081FD02F015FB02F03BFC01F074
S32508001090B7FC01F0CDF9174B00221A70164B1B78002B06D002F076FF00F066FF124B00228A
S325080010B01A70124B1B78002BDBD03B1D184601F02FF90346002B08D17B681846FFF73CFA39
S325080010D002460B460A4808F019FD084B00221A70C7E700BF44C300084CC30008D8BA0008CD
S325080010F0FCBA000814020020150200201602002020BB000880B594B000AF07F120033022F7
S325080011100021184608F042FE07F10C0300221A605A609A60DA601A610023BB60294B1B6CB5
S32508001130284A43F080531364264B1B6C03F08053BB60BB6800237B60234B1B68224A43F414
S3250800115080431360204B1B6803F480437B607B6809233B624FF480337B6201237B63022312
S32508001170BB634FF48003FB6308233B644FF4A8737B640223BB640723FB6407F120031846C2
S3250800119004F0C0FB0346002B01D000F0DDFA0F23FB6002233B6100237B614FF4A053BB61D7
S325080011B04FF48053FB6107F10C030521184604F021FE0346002B01D000F0C6FA00BF5037C6
S325080011D0BD4680BD003802400070004080B500AF174B184A1A60164B06225A60144B0022A1
S325080011F09A60134B0022DA60114B4FF410221A610F4B4FF400125A610D4B00221A760C4B06
S3250800121000225A760A4B00229A76094B0022DA76074B00221A77064B00225A77044803F0E9
S325080012303DF90346002B01D000F08EFA00BF80BD240200200064004080B500AF174B184A0F
S325080012501A60164B06225A60144B00229A60134B0022DA60114B4FF410221A610F4B4FF495
S3250800127000125A610D4B00221A760C4B00225A760A4B00229A76094B0022DA76074B00226F
S325080012901A77064B00225A77044803F007F90346002B01D000F058FA00BF80BD4C0200202B
S325080012B00068004080B500AF064B074A1A60054805F0A2F80346002B01D000F045FA00BF59
S325080012D080BD00BF740200200008065080B586B000AF3B1D00221A605A609A60DA601A6189
S325080012F000233B60244B254A1A60234B00225A60214B7F229A60204BFF22DA601E4B002218
S325080013101A611D4B00225A611B4B00229A611A4805F09CF80346002B01D000F015FA00231A
S325080013303B7100237B710023BB7100233B6100237B613B1D012219460F4805F008F9034657
S32508001350002B01D000F000FA01233B7001237B700123BB700023FB703B460122194606487D
S3250800137005F08FF90346002B01D000F0EDF900BF1837BD4680BD00BF84020020002800409C
S3250800139080B500AF174B184A1A60164B4FF482725A60144B00229A60124B0022DA60114B2B
S325080013B000221A610F4B00225A610E4B4FF400729A610C4B1022DA610A4B00221A62094B27
S325080013D000225A62074B00229A62064B0A22DA62044805F07BFA0346002B01D000F0B4F950
S325080013F000BF80BDA40200200030014080B58AB000AF07F1200300221A605A603B1D002293
S325080014101A605A609A60DA601A615A619A61274B274A1A60254BA7225A60244B00229A603A
S32508001430224B40F2E732DA60204B00221A611F4B00229A611D4806F01BF80346002B01D05A
S3250800145000F082F900233B6200237B6207F120031946164806F092FD0346002B01D000F0B1
S3250800147073F960237B600023BB600023FB6000237B613B1D002219460C4806F001FA034662
S32508001490002B01D000F060F93B1D04221946074806F0F6F90346002B01D000F055F903480A
S325080014B000F0ECFA00BF2837BD4680BDFC0200200008004080B500AF114B124A1A60104B03
S325080014D04FF4E1325A600E4B00229A600C4B0022DA600B4B00221A61094B0C225A61084B33
S325080014F000229A61064B0022DA61054806F0D6FD0346002B01D000F027F900BF80BD00BFDD
S32508001510440300200010014080B500AF114B124A1A60104B4FF496425A600E4B00229A603A
S325080015300C4B0022DA600B4B00221A61094B0C225A61084B00229A61064B0022DA6105483F
S3250800155006F0ACFD0346002B01D000F0FDF800BF80BD00BF8C0300200044004080B500AFD2
S32508001570114B124A1A60104B4FF496425A600E4B00229A600C4B0022DA600B4B00221A61D0
S32508001590094B0C225A61084B00229A61064B0022DA61054806F082FD0346002B01D000F0DB
S325080015B0D3F800BF80BD00BFD40300200048004080B58AB000AF07F1140300221A605A6085
S325080015D09A60DA601A6100233B615A4B1B6B594A43F010031363574B1B6B03F010033B612B
S325080015F03B690023FB60534B1B6B524A43F080031363504B1B6B03F08003FB60FB68002347
S32508001610BB604C4B1B6B4B4A43F001031363494B1B6B03F00103BB60BB6800237B60454B55
S325080016301B6B444A43F002031363424B1B6B03F002037B607B6800233B603E4B1B6B3D4AAD
S3250800165043F0080313633B4B1B6B03F008033B603B6801220121384804F022F900224FF437
S325080016708041364804F01CF900224FF48071344804F016F901220121324804F011F9182337
S325080016907B614FF40413BB610123FB6107F1140319462C4803F050FF01237B610123BB61F6
S325080016B00023FB6100233B6207F114031946224803F042FF4FF480437B610123BB6100237C
S325080016D0FB6100233B6207F1140319461B4803F033FF4FF480737B610123BB610023FB6109
S325080016F000233B6207F114031946154803F024FF01237B611123BB610023FB6100233B629C
S3250800171007F1140319460F4803F016FF00220621092003F048FE092003F061FE002206216F
S325080017300A2003F040FE0A2003F059FE00BF2837BD4680BD0038024000040240000C024050
S32508001750000002400010024080B400AF72B600BF00BFFDE780B483B000AF00237B60104BFB
S325080017705B6C0F4A43F4804353640D4B5B6C03F480437B607B6800233B60094B1B6C084AF8
S3250800179043F080531364064B1B6C03F080533B603B6800BF0C37BD465DF8047B704700BF83
S325080017B00038024080B58CB000AF786007F11C0300221A605A609A60DA601A617B681B6817
S325080017D04B4A93423ED14B4B1B680133494A1360484B1B68012B0DD10023BB61464B1B6CA8
S325080017F0454A43F000731364434B1B6C03F00073BB61BB6900237B613F4B1B6B3E4A43F09A
S32508001810020313633C4B1B6B03F002037B617B694FF44073FB6102233B6200237B62032330
S32508001830BB620923FB6207F11C031946334803F083FE00220421142003F0B5FD142003F038
S32508001850CEFD50E07B681B682D4A93424BD100233B61294B1B6C284A43F080631364264B77
S325080018701B6C03F080633B613B69224B1B680133204A13601F4B1B68012B0DD10023FB6037
S325080018901D4B1B6C1C4A43F0007313641A4B1B6C03F00073FB60FB680023BB60164B1B6B83
S325080018B0154A43F002031363134B1B6B03F00203BB60BB684FF44053FB6102233B620023CC
S325080018D07B620323BB620923FB6207F11C0319460A4803F031FE00220421402003F063FD5D
S325080018F0402003F07CFD00BF3037BD4680BD00BF006400401C040020003802400004024035
S325080019100068004080B485B000AF78607B681B680B4A93420DD10023FB600A4B5B6B094AB7
S3250800193043F040035363074B5B6B03F04003FB60FB6800BF1437BD465DF8047B704700BFFA
S32508001950000806500038024080B586B000AF786007F1080300221A605A609A60DA607B682F
S325080019701B680C4A934211D10223BB604FF400737B6107F10803184604F05CFC0346002BC6
S3250800199001D0FFF7E1FE044B01221A6000BF1837BD4680BD002800403C0E474280B58AB09F
S325080019B000AF786007F1140300221A605A609A60DA601A617B681B68194A93422BD10023B1
S325080019D03B61184B5B6C174A43F480535364154B5B6C03F480533B613B690023FB60114BF6
S325080019F01B6B104A43F0020313630E4B1B6B03F00203FB60FB6838237B610223BB6100230B
S32508001A10FB6103233B6205237B6207F114031946054803F091FD00BF2837BD4680BD00BF2B
S32508001A3000300140003802400004024080B584B000AF78607B681B680E4A934215D10023CB
S32508001A50FB600D4B1B6C0C4A43F0040313640A4B1B6C03F00403FB60FB68002200211E2012
S32508001A7003F0A1FC1E2003F0BAFC00BF1037BD4680BD00BF000800400038024080B588B09D
S32508001A9000AF786007F10C0300221A605A609A60DA601A617B681B68124A93421ED10023EC
S32508001AB0BB60114B1B6B104A43F0080313630E4B1B6B03F00803BB60BB684FF44053FB60B1
S32508001AD002233B6100237B610023BB610223FB6107F10C031946054803F02EFD00BF203781
S32508001AF0BD4680BD0008004000380240000C024080B58EB000AF786007F1240300221A60C3
S32508001B105A609A60DA601A617B681B68504A934235D100233B624F4B5B6C4E4A43F0100364
S32508001B3053644C4B5B6C03F010033B623B6A0023FB61484B1B6B474A43F001031363454BC4
S32508001B501B6B03F00103FB61FB694FF4C0637B620223BB620023FB6203233B6307237B6359
S32508001B7007F1240319463C4803F0E6FC00220521252003F018FC252003F031FC63E07B6851
S32508001B901B68364A93422CD10023BB61314B1B6C304A43F4003313642E4B1B6C03F400338B
S32508001BB0BB61BB6900237B612A4B1B6B294A43F001031363274B1B6B03F001037B617B69FE
S32508001BD00C237B620223BB620023FB6203233B6307237B6307F1240319461F4803F0ACFCCD
S32508001BF031E07B681B681E4A93422CD100233B61184B1B6C174A43F480231364154B1B6CD4
S32508001C1003F480233B613B690023FB60114B1B6B104A43F0020313630E4B1B6B03F002038D
S32508001C30FB60FB684FF440637B620223BB620023FB6203233B6307237B6307F124031946F9
S32508001C50084803F079FC00BF3837BD4680BD00BF00100140003802400000024000440040F0
S32508001C70004800400004024080B400AF00BFFDE780B400AF00BFFDE780B400AF00BFFDE7E6
S32508001C9080B400AF00BFFDE780B400AF00BFFDE780B400AF00BFBD465DF8047B704780B4B6
S32508001CB000AF00BFBD465DF8047B704780B400AF00BFBD465DF8047B704780B500AF02F004
S32508001CD0CDFBFFF71DF900BF80BD80B500AF082003F000FE00BF80BD80B500AF102003F016
S32508001CF0F9FD00BF80BD000080B500AF024803F054F800BF80BD00BF2402002080B500AF82
S32508001D10024805F0CDFC00BF80BD00BFFC02002080B500AF024806F09DFA00BF80BD00BF4E
S32508001D304403002080B500AF024803F036F800BF80BD00BF4C02002080B400AF0123184641
S32508001D50BD465DF8047B704780B582B000AF7860396008F06DF8034616221A604FF0FF3387
S32508001D7018460837BD4680BD80B582B000AF78604FF0FF317868FFF7E7FF00BFFDE780B577
S32508001D9086B000AFF860B9607A6000237B610AE0AFF300800146BB685A1CBA60CAB21A70EA
S32508001DB07B6901337B617A697B689A42F0DB7B6818461837BD4680BD80B586B000AFF86062
S32508001DD0B9607A6000237B6109E0BB685A1CBA601B781846FFF7ECF87B6901337B617A69B5
S32508001DF07B689A42F1DB7B6818461837BD4680BD80B483B000AF78604FF0FF3318460C376A
S32508001E10BD465DF8047B704780B483B000AF786039603B684FF400525A60002318460C37D9
S32508001E30BD465DF8047B704780B483B000AF7860012318460C37BD465DF8047B704780B481
S32508001E5085B000AFF860B9607A60002318461437BD465DF8047B704780B586B000AF7860E9
S32508001E70144A154BD31A7B617B693B61134B1B68002B02D1114B124A1A60104B1A687B686C
S32508001E9013443A699A4207D207F0D2FF03460C221A604FF0FF3309E0084B1B68FB60074BDF
S32508001EB01A687B681344054A1360FB6818461837BD4680BD000002200004000020040020CC
S32508001ED07816002080B400AF064BD3F88830054A43F47003C2F8883000BFBD465DF8047B7E
S32508001EF0704700BF00ED00E080B58EB000AFF860B9601346FB7107F1200300221A605A60B8
S32508001F109A60DA601A615A61FB683B620023BB620023FB62FB793B63FA7907F11803B968C0
S32508001F30184607F0B2FF07F1140307F1180207F120010A4802F019FD0346002B05D1084B4C
S32508001F501B680133064A136003E0F968054807F0D5FD00BF3837BD4680BD00BF240200201C
S32508001F702C0400200CBC000880B582B000AF1E4B1B78032B2AD0032B31DC012B02D0022B83
S32508001F901DD02CE001233B7002237B700323BB700423FB7005233B7106237B710723BB7129
S32508001FB0124B1B785A1CD1B2104A1170FB713B460822194640F22310FFF796FF10E00C4B92
S32508001FD01B6819460B4807F099FD09E00A4B1B68074A12681946094807F090FD00E000BFC2
S32508001FF000BF0837BD4680BD24040020300400202804002030BC00082C04002058BC00083D
S3250800201080B485B000AF78607A6813461B019B1AFB6000E000BFFB685A1EFA60002BF9D182
S3250800203000BF00BF1437BD465DF8047B7047000080B586B000AF3B1D00221A605A609A6069
S32508002050DA601A6101237B600023BB600123FB603B1D1946034803F06FFA00BF1837BD4682
S3250800207080BD00BF0010024080B586B000AF3B1D00221A605A609A60DA601A6101237B607E
S325080020901123BB600023FB6000233B613B1D1946034803F051FA00BF1837BD4680BD00BF49
S325080020B00010024080B500AFFFF7DEFF00220121024803F0F5FB00BF80BD00BF001002407B
S325080020D080B500AFFFF7D0FF01220121024803F0E7FB00BF80BD00BF0010024080B500AFE4
S325080020F0FFF7A6FF0121034803F0C2FB0346184680BD00BF0010024080B582B000AFFFF709
S32508002110D1FF4FF4F070FFF77BFFFFF7D9FF3C20FFF776FFFFF7E2FF0346FB716420FFF723
S325080021306FFFFB79002B0ED10C4B01221A700C4B1B78002B05D10B4807F048FD084B0122A1
S325080021501A70002306E0084807F040FD034B00221A70012318460837BD4680BD34040020F7
S3250800217044040020A0BC0008C4BC000880B584B000AF0346FB710023FB601FE0FB7903F03C
S325080021900103002B0AD0FFF78DFF0A20FFF738FFFFF796FF3220FFF733FF09E0FFF782FFDA
S325080021B03C20FFF72DFFFFF78BFF0A20FFF728FFFB795B08FB71FB680133FB60FB68072BF2
S325080021D0DCDD00BF00BF1037BD4680BD80B582B000AF0023FB7100233B601EE0FFF762FF6B
S325080021F00220FFF70DFFFFF76BFF0C20FFF708FFFFF774FF0346012B09D101223B6802FA9A
S3250800221003F35AB297F9073013435BB2FB712D20FFF7F6FE3B6801333B603B68072BDDDDD0
S32508002230FB7918460837BD4680BD000080B500AFFFF762FF0346002B01D001230EE0CC20B1
S32508002250FFF794FF4420FFF791FF054B01221A7202F018F90346024AD3600023184680BD65
S325080022703404002080B584B000AF78600023FB730023BB737B68002B01D1012329E0FFF713
S325080022903BFF0346002B01D0012322E0CC20FFF76DFFBE20FFF76AFFFFF798FF0346FB73AC
S325080022B0FFF794FF0346BB73BB7B1BB21B021AB2FB7B1BB21343BB81084ABB8953807B68F3
S325080022D0BA891A80054B00221A72044B0022DA60002318461037BD4680BD00BF340400203B
S325080022F080B483B000AF0346FB80B7F9063007EE903AF8EEE77AB3EE007AC7EE876AF0EE5B
S32508002310667AB0EE670A0C37BD465DF8047B704780B584B000AF78601C4B1B7A002B08D1EF
S32508002330FFF784FF0346002B01D0012329E0012327E002F0A7F80246144BDB68D31A40F2CF
S32508002350ED22934201D801231BE007F10E031846FFF788FF0346002B01D0012311E0B7F995
S325080023700E301846FFF7BCFFF0EE407A074BC3ED017A7B68002B03D0044B5A687B681A608E
S32508002390002318461037BD4680BD00BF3404002080B500AF054807F019FC054807F016FC6D
S325080023B0044807F013FC00BF80BD00BF04BD000820BD000840BD000880B485B000AF78604F
S325080023D00B46FB70FB78002B0CBF01230023DBB2FB737B681B7BFA7B9A4203D17B680022D5
S325080023F05A7316E07B685B7B0133DAB27B685A737B685B7B042B0CD97B68FA7B1A737B683E
S3250800241000225A737B681B7B012B02D17B6800229A6000BF1437BD465DF8047B70470000A0
S3250800243080B582B000AF1021454803F021FA0346FB71FB7919464348FFF7BEFF0821404825
S3250800245003F016FA0346BB71BB7919463E48FFF7B3FF3C4B1B7B012B1BD13A4B9B68013334
S32508002470384A9360374B9B68B3F5967F2AD3354B9B7B002B26D1334B01229A73314B9A68A6
S3250800249013469B0013445B001946304807F036FB18E02C4B9B68002B0ED02A4B9B68B3F5DE
S325080024B0967F09D2274B9A6813469B0013445B001946274807F022FB224B00229A60214B1D
S325080024D000229A73204B1B7B012B1BD11E4B9B6801331D4A93601C4B9B68B3F5967F2AD378
S325080024F0194B9B7B002B26D1174B01229A73164B9A6813469B0013445B001946154807F0D4
S32508002510FDFA18E0104B9B68002B0ED00E4B9B68B3F5967F09D20C4B9A6813469B001344AF
S325080025305B0019460C4807F0E9FA074B00229A60054B00229A7300BF0837BD4680BD00BFAB
S3250800255000100240040000201400002060BD000884BD00089CBD0008C0BD000880B582B0F8
S3250800257000AF0346FB80FB88102B03D1064807F02DFB05E0FB88082B02D1044807F026FBF9
S3250800259000BF0837BD4680BDD8BD0008F0BD000880B582B000AF0346FB71FB791A460121CC
S325080025B0034803F07DF900BF0837BD4680BD00BF0004024090B5CBB002AF044607F590704F
S325080025D0A0F58C700160114607F59072A2F58E72136007F59073A3F2111322461A7007F5E6
S325080025F09073A3F58A730A461A8007F59073A3F211131B7887F817310020FFF7C9FF07F252
S325080026101711642301225A4804F0E9F9034687F81B3197F81B31002B0BD00120FFF7B8FF8F
S3250800263097F81B311946534807F068FA97F81B3198E007F59073A3F58C731B68002B27D0C0
S3250800265007F59073A3F58A731B88002B20D007F59073A3F58A731A8807F59073A3F58C7140
S3250800267064230968424804F0BAF9034687F81B3197F81B31002B0BD00120FFF789FF97F8F0
S325080026901B3119463C4807F039FA97F81B3169E007F59073A3F58E731B68002B5ED0B7F87C
S325080026B03031002B5AD0B7F83031B3F5806F04D90120FFF76DFF012354E007F114034FF495
S325080026D08072FF21184607F061FBB7F83031A7F81E310023A7F81C313CE0B7F81E31B3F54A
S325080026F0807F28BF4FF48073A7F81831B7F81C3107F59072A2F58E7212681A44B7F8183157
S3250800271007F11401C8200090194804F0C5FB034687F81B3197F81B31002B0DD00120FFF7F3
S3250800273037FFB7F81C3197F81B211946134807F0E5F997F81B3115E0B7F81E21B7F8183139
S32508002750D31AA7F81E31B7F81C21B7F818311344A7F81C31B7F81E31002BBED10120FFF78A
S3250800277017FF0023184607F59277BD4690BD00BFA402002008BE00082CBE000854BE0008F0
S3250800279080B584B002AF3B4600210A461A800A469A703B4603220092002200219F20FFF7EB
S325080027B009FF3B781A047B781B021343BA7813437B607B6818460837BD4680BD80B582B032
S325080027D000AF0E4807F002FAFFF7DAFF786079680B4807F093F97B680A4A934206D10A4850
S325080027F007F0F4F9094807F0F1F903E0084807F0EDF900BF0837BD4680BD00BF28C00008A8
S3250800281044C000081540EF0060C00008C4C0000890C0000880B500AF0D4807F0D7F90D48E9
S3250800283005F022F9034619460B4807F067F900224FF48041094803F033F8094807F0C6F97C
S32508002850084807F0C3F9012000F0EEF800BF80BD0CC20008FC02002028C20008000C024030
S3250800287048C2000874C2000880B483B000AF1B4B1B881A4640F2E73302FB03F3184A82FB4D
S3250800289003125211DB17D31A7B60164B1B687A685A63154B93F900309AB2104B1B881344A8
S325080028B09AB20E4B1A800D4B1B88632B06D90B4B64221A800C4BFF221A7009E0074B1B88FD
S325080028D0002B05D1054B00221A80074B01221A7000BF0C37BD465DF8047B704746040020D4
S325080028F01F85EB51FC0200202400002080B582B000AF164B1B881A4640F2E73302FB03F3BF
S32508002910134A82FB03125211DB17D31A7B60114B1B687A689A630D4B1B8801339AB20B4BFE
S325080029301A800A4B1B88642B05D9084B00221A80094807F04BF9054B1B881946074807F047
S32508002950DDF800BF0837BD4680BD00BF480400201F85EB51FC02002090C20008C0C2000839
S3250800297080B582B000AF1C4B1B6801331A4A1360194B1B68132B23D9174B00221A60174BAD
S325080029901B78002B0CBF01230023DBB21A46134B1A70124B1B78002B09D100224FF4804159
S325080029B00F4802F07DFF0F4807F010F908E001224FF480410A4802F073FF0B4807F006F9CF
S325080029D040F2E7337B60094B1B687A689A6300BF0837BD4680BD00BF4C040020500400201B
S325080029F0000C0240DCC2000800C30008FC02002080B500AF0B4B1B78032B0CD0032B0DDCEE
S32508002A10012B02D0022B03D008E0FFF72DFF06E0FFF76CFF03E0FFF7A3FF00E000BF00BF70
S32508002A3080BD00BF4504002080B582B000AF0346FB71064AFB791370FB791946044807F0EB
S32508002A505DF800BF0837BD4680BD00BF4504002024C3000880B500AF024801F0E3F800BFF5
S32508002A7080BD00BF992B000880B588B000AF03463960FB713B68002B01D1012355E00023EA
S32508002A90FB774EE0FA7F2B4913465B0013449B000B441B78FA799A4240D1FA7F2549134663
S32508002AB05B0013449B000B4404331B68FB603B68197AFA7F1F4813465B0013449B00034444
S32508002AD008331B788B4228BF0B46DBB23B74FA7F184913465B0013449B000B440A331B782A
S32508002AF07B760023BB763B6859683B7C1A4607F10C030533184607F0C8F9FA7F0D4913467B
S32508002B105B0013449B000B4409331B7807F10C021146184601F032F8034606E0FB7F013379
S32508002B30FB77FB7F032BADD9012318462037BD4680BD00BF70C3000880B483B000AF7860D6
S32508002B50044A7B68136000BF0C37BD465DF8047B704700BF5404002080B483B000AF7860FE
S32508002B70044A7B68136000BF0C37BD465DF8047B704700BF5804002080B400AF00BFBD4623
S32508002B905DF8047B7047000080B586B000AF03463960FB713B68002B5ED00023FB7557E05E
S32508002BB0FB7D304A1B0113440D331B78FA799A424BD13B681A68FB7D2A491B010B4408339E
S32508002BD01B681A40FB7D27491B010B4404331B689A423AD1FB7D234A1B0113441B783B726E
S32508002BF03B680533FB603B681A79FB7D1D491B010B440C331B78934228BF1346DBB23B74DF
S32508002C10FB7D184A1B0113441B78042B06D0FB7D144A1B0113441B78062B0AD1124B1B68E9
S32508002C30002B11D0104B1B6807F10802104698470AE00E4B1B68002B10D00C4B1B6807F1B2
S32508002C5008021046984709E008E0FB7D0133FB75FB7D022BA4D902E000BF00E000BF183779
S32508002C70BD4680BDA0C30008580400205404002080B582B000AF0023FB710CE0FB794FF44F
S32508002C900A7202FB03F3134A1344184600F0FCF8FB790133FB71FB79012BEFD90D4B0022BB
S32508002CB01A700C4B04229A700A4B0522DA70094B012283F82822074B062283F82A22054B52
S32508002CD0FF2283F82B220448FFF746FF00BF0837BD4680BD5C040020ED2D000880B586B01B
S32508002CF000AF00F087FB38610023FB7568E0FB7D4FF40A7202FB03F3354A1344FB60FB6863
S32508002D105B78013B032B51D801A252F823F000BF312D00085D2D0008652D00087B2D00082E
S32508002D30FB68D3F820323A69D31A4A2B40D9F86800F0AAF8274B1B68002B39D0254B1B68C9
S32508002D50FA68127801211046984731E0F86800F015F932E0FB68D3F80C323A69D31A952BD5
S32508002D7028D9F86800F090F824E0FB6893F81032002B21D0184B1B68002B1DD0FB68063372
S32508002D907B60FB68B3F806323B810023BB72124B1B68FA681278391D10469847FB6800220C
S32508002DB083F81022F86800F06FF805E000BF04E000BF02E000BF00E000BFFB7D0133FB75EE
S32508002DD0FB7D012B93D900BF00BF1837BD4680BD5C040020B0080020AC08002080B584B023
S32508002DF000AF78607B68002B26D07B685B68002B24D00023FB731BE0FB7B124A4FF40A7149
S32508002E1001FB03F3134402331A787B681B789A420BD1FB7B4FF40A7202FB03F3094A134484
S32508002E307968184600F058F909E0FB7B0133FB73FB7B012BE0D902E000BF00E000BF103711
S32508002E50BD4680BD5C04002080B483B000AF7860044A7B68136000BF0C37BD465DF8047B29
S32508002E70704700BFAC08002080B483B000AF7860044A7B68136000BF0C37BD465DF8047B7F
S32508002E90704700BFB008002080B483B000AF78607B6800225A707B680022A3F806227B685E
S32508002EB00022A3F808227B68012283F80A227B680022C3F80C227B68002283F810227B68DD
S32508002ED00022C3F814227B680022A3F818227B680022A3F81A227B68012283F81C227B6869
S32508002EF0002283F81D227B680022C3F820227B68002283F8242200BF0C37BD465DF8047B37
S32508002F10704780B588B000AF7860084611461A460346FB700B46BB7013467B70FB7803F009
S32508002F300F03DBB243F03003DBB23B72BB787B727B78BB720323FB7708E0FB7F20333B4428
S32508002F50FF2203F8182CFB7F0133FB77FB7F072BF3D97B68DB783B7407F108037B6108236C
S32508002F703B767B68DB7807F1100211461846FFF77BFD00BF2037BD4680BD000080B58AB05A
S32508002F9000AF78607B68B3F81A227B68B3F818329A420FD37868FFF777FF4E4B1B68002B99
S32508002FB000F093804B4B1B687A6812780021104698478BE07B6893F81C3203F00F03DBB25C
S32508002FD043F02003DBB23B737B68B3F818227B68B3F81A32D31ABB84BB8C072B02D8BB8CDA
S32508002FF0DBB200E0072387F823307B68D3F814327A68B2F81A22991897F8232007F10C0304
S325080030100133184606F041FF97F82330013387F827300BE097F8273028333B44FF2203F817
S325080030301C2C97F82730013387F8273097F82730072BEFD97B68DB783B7507F10C03BB6151
S3250800305008233B777B68DB7807F1140211461846FFF70AFD7B68B3F81A2297F823309BB286
S3250800307013449AB27B68A3F81A227B6893F81C320133DAB27B6883F81C227B6893F81C3201
S325080030900F2B03D97B68002283F81C227B6893F81D32013BDAB27B6883F81D227B68B3F88E
S325080030B01A227B68B3F818329A420FD37868FFF7EBFE084B1B68002B08D0064B1B687A68D2
S325080030D0127800211046984700E000BF2837BD4680BD00BFB008002080B584B000AF78602D
S325080030F039603B685B681B78FB73FB7B23F00F03BB73BB7B302B25D0302B2CDC202B18D0CD
S32508003110202B28DC002B02D0102B09D023E03B6859683B681B7A1A46786800F021F81BE04E
S325080031303B6859683B681B7A1A46786800F048F812E03B6859683B681B7A1A46786800F0A7
S3250800315092F809E03B6859683B681B7A1A46786800F0FCF800E000BF00BF1037BD4680BD39
S3250800317080B586B000AFF860B9601346FB71BB681B7803F00F03FB75FB7D072B1AD8FB7DA2
S325080031900133DBB2FA799A4216D3FB68981DBB680133FA7D194606F078FEFB7D9AB2FB6840
S325080031B0A3F80622FB68012283F81022FB6804225A7002E000BF00E000BF1837BD4680BDD9
S325080031D080B586B000AFF860B9601346FB71FB79072B44D9BB681B781BB21B021BB203F45A
S325080031F070631AB2BB6801331B781BB213431BB2FB82FB8AB3F5805F09D30A230022022161
S32508003210F868FFF77EFEF868FFF73EFE28E0FB68FA8AA3F80622FB680022A3F80822FB68CD
S32508003230012283F80A22FB68981DBB6802330622194606F02AFEFB680622A3F808220A2314
S3250800325000220021F868FFF75CFEFB6803225A7000F0D0F80246FB68C3F80C2200E000BF20
S325080032701837BD4680BD80B586B000AFF860B9601346FB71FB685B78032B5ED1BB681B7808
S3250800329003F00F03FB75FB6893F80A32FA7D9A4255D1FB68B3F80622FB68B3F80832D31A8D
S325080032B0BB82BB8A072B02D8BB8ADBB200E00723FB74FB7C0133DBB2FA799A4241D3FB6819
S325080032D0B3F808321A46FB681344981DBB680133FA7C194606F0D9FDFB68B3F80822FB7C75
S325080032F09BB213449AB2FB68A3F80822FB6893F80A320133DAB2FB6883F80A22FB6893F8B6
S325080033100A320F2B03D9FB68002283F80A2200F071F80246FB68C3F80C22FB68B3F80822EC
S32508003330FB68B3F806329A420CD3FB68012283F81022FB6804225A7004E000BF02E000BFA4
S3250800335000E000BF1837BD4680BD000080B586B000AFF860B9601346FB71FB685B78012B6F
S325080033703BD1FB79022B3AD9BB681B7803F00F03FB75BB6801331B78BB75FB7D022B1DD098
S32508003390022B2EDC002B02D0012B10D029E0BB7D002B04D1FB68FF2283F81D2203E0FB680A
S325080033B0BA7D83F81D22FB6802225A701CE000F021F80246FB68C3F8202215E0F868FFF7B5
S325080033D063FD0B4B1B68002B0DD0094B1B68FA68127801211046984705E000BF04E000BF2D
S325080033F002E000BF00E000BF1837BD4680BD00BFB008002080B500AF01F044F80346184691
S3250800341080BD80B489B000AFF860B9607A60BB689B78DB009BB2BA68D27813447B83BB68A8
S325080034301B797B777B8BDB089BB2FB777B8BDBB203F00703BB773FE0BB7FC3F108033B77B4
S325080034503A7F7B7F9A4201D97B7F3B773B7F012202FA03F3013B7B61FB7FFA68134419788E
S32508003470BB7F7A6902FA03F3DBB2DB43DAB2FB7FF86803440A40D2B21A70FB7FFA6813443C
S3250800349019787A687B691A40BB7F02FA03F3DAB2FB7FF86803440A43D2B21A703B7F7A688D
S325080034B022FA03F37B607A7F3B7FD31A7B77FB7F0133FB770023BB777B7F002BBCD100BF89
S325080034D000BF2437BD465DF8047B704780B487B000AF786039603B689B78DB009BB23A681B
S325080034F0D2781344BB813B681B797B7500233B610023FB73BB89DB089BB2FB75BB89DBB2A5
S3250800351003F00703BB752DE0BB7DC3F10803BB73BA7B7B7D9A4201D97B7DBB73BB7B0122CC
S3250800353002FA03F3DBB2013BFB72FB7D7A6813441B781A46BB7D1A41FB7A13401A46FB7B70
S3250800355002FA03F33A6913433B61FA7BBB7B1344FB737A7DBB7BD31A7B75FB7D0133FB7530
S325080035700023BB757B7D002BCED13B6918461C37BD465DF8047B704780B485B000AF786045
S325080035900B46FB70FF23FB730023BB7320E0BB7B7A6813441A78FB7B5340FB7300237B73E7
S325080035B010E097F90F30002B06DAFB7B5B00DBB283F01D03FB7302E0FB7B5B00FB737B7BAD
S325080035D001337B737B7B072BEBD9BB7B0133BB73BA7BFB789A42DAD3FB7BDB43DBB2184677
S325080035F01437BD465DF8047B7047000080B586B000AF0346FB71FB790D4AD35C002B12D0FE
S32508003610FB793B73FB79DB000A4A13443B61FB79074AD35C3B7507F10C02FB791146184601
S32508003630FFF722FA00E000BF1837BD4680BD00BF54C40008B408002080B582B000AF002338
S32508003650FB710DE0FB79DB00104A9818FB79104AD35C1A46002106F099FBFB790133FB717E
S32508003670FB79032BEED9082200210A4806F08EFB094B00221A70094B00221A600848FFF771
S325080036905BFA00BF0837BD4680BD00BFB408002054C40008D4080020E0080020DC080020B6
S325080036B04538000880B588B000AF3F4B1B6801333D4A13603C4B19683C4BA3FB01239A081D
S325080036D013469B001344CA1A002A30D1384B1B780133DAB2364B1A70354B1B780F2B02D969
S325080036F0334B00221A70324B1B78BB6107F118031946012000F060F82E4A07F110030132C5
S325080037101068186012791A7107F1100305211846FFF732FF0346FB77FB7FFB6007F10C0338
S325080037301946002000F048F80020FFF75FFF1E4B19681E4BA3FB0123DA0813469B00134406
S325080037505B00CA1A002A1AD11A4B1B7A3B71194B5B7A7B71174B9B7ABB71164BDB7AFB7167
S3250800377000233B723B1D04211846FFF705FF0346BB77104ABB7FD3720120FFF737FF0A4B90
S3250800379019680A4BA3FB0123DA0813469B0013445B00CA1A002A02D10320FFF727FF00BF0C
S325080037B02037BD4680BD00BFE4080020CDCCCCCCE0080020B408002080B584B000AF034613
S325080037D03960FB71FB79152B2AD83B68002B29D0FA7913465B0013445B00144A1344BB60A0
S325080037F00023FB60BB681B79082B03D83B681B78FB600AE0BB681B79102B03D83B681B88DA
S32508003810FB6002E03B681B68FB60BB685B78DB00074A1344FA68B9681846FFF7F2FD02E0AB
S3250800383000BF00E000BF1037BD4680BDD0C30008B408002080B588B000AF78607B68002B0C
S325080038503CD07B681B78022B39D17B681B7A082B28BF0823FB777B685B68FA7F1946194883
S3250800387006F013FB00F00EFE03461A46164B1A6016491448FFF72AFEB86115491148FFF707
S3250800389025FE78610F4A07F10C0392E8030018600433198002330A0C1A7007F10C030721E5
S325080038B01846FFF769FE0346FB74BB69DBB2FA7C9A4204D0044B00221A6000E000BF2037BF
S325080038D0BD4680BDD4080020DC0800200CC4000812C4000880B500AFFFF7CAF90348FFF7F6
S325080038F0B3FA0348FFF7C0FA00BF80BD113900086D39000880B500AFFFF7F0F900BF80BD47
S3250800391080B584B000AF03463960FB713B68002B1CD03B681B68002B1AD0FB79002B02D0BD
S32508003930012B03D015E00023FB7302E00123FB7300BF094B1B68002B0BD0074B1B683A685D
S3250800395011683A689288F87B984702E000BF00E000BF1037BD4680BDE808002080B584B082
S3250800397000AF03460A46FB711346BB71FB79002B02D0012B03D00FE00023FB7302E00123FA
S32508003990FB7300BF064B1B68002B05D0044B1B68B979FA7B104698471037BD4680BD00BF14
S325080039B0EC08002080B584B000AF78607B68002B01D10123D8E07B681B79012B01D9012388
S325080039D0D2E07B681B79FB73FB7B694A4FF4C36101FB03F3134403331B78002B11D0FB7B0E
S325080039F0002B01D1634B00E0634B184600F074FFFB7B5F4A4FF4C36101FB03F313440122BD
S32508003A101A70FB7B5A4A4FF4C36101FB03F3134401221A70FB7B564A4FF4C36101FB03F318
S32508003A301344013300221A70FB7B514A4FF4C36101FB03F31344023300221A70FB7B4C4A83
S32508003A504FF4C36101FB03F31344033300221A70FB7B474A4FF4C36101FB03F3134403F20A
S32508003A70146300221A60FB7B414A4FF4C36101FB03F3134403F2044300221A80FB7B3C4A70
S32508003A904FF4C36101FB03F3134403F2064300221A80FB7B364A4FF4C36101FB03F31344B8
S32508003AB003F5816300221A80FB7B314A4FF4C36101FB03F3134403F20C6300221A80FB7B19
S32508003AD02B4A4FF4C36101FB03F3134403F20E6300221A80FB7B264A4FF4C36101FB03F342
S32508003AF0134403F5C26300221A80FB7B184600F09DFAFB7B002B01D11E4B00E01E4B18469A
S32508003B1000F0A6FE0346002B01D001232CE0FB7B002B01D1174B00E0174B0221184601F0F5
S32508003B3016F90346002B01D001231DE0FB7B002B01D1104B00E0104B0121184601F007F978
S32508003B50FB7B0B4A4FF4C36101FB03F3134402221A70FB7B064A4FF4C36101FB03F31344A8
S32508003B70033301221A70002318461037BD4680BDF0080020240200204C02002080B584B007
S32508003B9000AF03463960FB71FB79012B0DD83B68002B0AD0FB79224A4FF4C36101FB03F3A4
S32508003BB0134403331B78002B01D1012334E0FB794FF4C36202FB03F303F58163184A13442E
S32508003BD00433FB60FB68B3F804321F2B01D9012322E0FB68B3F800321B01FA681344102260
S32508003BF03968184606F051F9FB68B3F8003201339BB203F01F039AB2FB68A3F8002272B6FE
S32508003C1000BFFB68B3F8043201339AB2FB68A3F8042262B600BF002318461037BD4680BD00
S32508003C30F008002080B483B000AF7860044A7B68136000BF0C37BD465DF8047B704700BF6D
S32508003C502015002080B592B000AF78607B687B647B6C1B68384A934214BF01230023DBB2C9
S32508003C7087F8433007F1180307F120020021786C00F04BFF0346002B5AD13B6ABB603B6BC3
S32508003C90DBB23B73BB6A002B14BF01230023DBB27B75FB6A002B14BF01230023DBB2BB757D
S32508003CB03B6B082B28BF08231A4607F1180107F108030533184606F0E8F897F843304FF4D6
S32508003CD0C36202FB03F31D4A13440433FB63FB6BB3F804343F2B1ED8FB6BB3F800341B0151
S32508003CF0FA6B134407F108011022184606F0CDF8FB6BB3F8003401339BB203F03F039AB257
S32508003D10FB6BA3F80024FB6BB3F8043401339AB2FB6BA3F804240A4B1B68002B09D0084B3F
S32508003D301B6807F1080197F843201046984700E000BF4837BD4680BD00640040F0080020A0
S32508003D502015002080B483B000AF786000BF0C37BD465DF8047B704780B487B000AF786080
S32508003D707B687B617B691B68264A934214BF01230023DBB2FB747B691B689B69FB60FB687B
S32508003D901A0CFB7CD0B2204A4FF4C36101FB03F31344013302461A70FB681A0EFB7CD0B242
S32508003DB0194A4FF4C36101FB03F31344023302461A70FB6803F00403002B1CD0FB7C124A84
S32508003DD04FF4C36101FB03F3134404221A70FB7C0D494FF4C36203FB02F20A4402F2146286
S32508003DF01268013208494FF4C36000FB03F30B4403F214631A6000BF1C37BD465DF8047B32
S32508003E10704700BF00640040F008002080B590B000AF002387F83F30A3E097F83F30564AFC
S32508003E304FF4C36101FB03F3134403331B78002B00F08F8097F83F304F4A4FF4C36101FBC7
S32508003E5003F313441B78022B40F0838097F83F304FF4C36202FB03F303F58163464A1344E8
S32508003E700433BB63BB6BB3F80432002B73D072B600BFBB6BB3F802321B01BA6BD11807F14C
S32508003E9024031022184606F000F8BB6BB3F8023201339BB203F01F039AB2BB6BA3F8022293
S32508003EB0BB6BB3F80432013B9AB2BB6BA3F8042262B600BF97F83F30002B01D12F4B00E042
S32508003ED02F4B7B6397F83130002B04D17B6AFB6000237B6103E07B6A3B6104237B6197F847
S32508003EF03230002B01D1002300E00223BB6197F82830082B28BF0823DBB2FB61002387F84A
S32508003F102030FA6907F12403591D3B1D184605F0BCFF3B463A1D07F10C01786B00F025FD03
S32508003F300346002B18D097F83F3013494FF4C36203FB02F20A44013212780132D0B20E4A3B
S32508003F504FF4C36101FB03F31344013302461A7002E000BF00E000BF97F83F30013387F89C
S32508003F703F3097F83F30012B7FF657AF00BF00BF4037BD4680BD00BFF008002024020020BD
S32508003F904C02002080B582B000AF0023FB713FE0FB79234A4FF4C36101FB03F313441B78AD
S32508003FB0042B31D1FB79002B01D11E4B00E01E4B3B60386801F0F8F8386800F049FC034655
S32508003FD0002B22D1FB79164A4FF4C36101FB03F3134402221A70FB79114A4FF4C36101FB41
S32508003FF003F31344013300221A70FB790C4A4FF4C36101FB03F31344023300221A700221F8
S32508004010386800F0A4FE00E000BFFB790133FB71FB79012BBCD900BF00BF0837BD4680BD6B
S32508004030F0080020240200204C02002080B58EB000AF0346FB71FB79002B01D1134B00E010
S32508004050134B7B63FB79002B01D1002300E00E233B6200237B620123BB620023FB600023E2
S325080040703B6100237B610023BB610023FB610123FB620E233B6307F10C031946786B00F040
S3250800409009FB00BF3837BD4680BD00BF240200204C02002080B582B000AF78607868FFF759
S325080040B0D1FD00BF0837BD4680BD80B582B000AF78607868FFF746FE00BF0837BD4680BD90
S325080040D080B582B000AF78607868FFF73BFE00BF0837BD4680BD80B582B000AF78607868B9
S325080040F0FFF730FE00BF0837BD4680BD80B582B000AF78607868FFF72FFE00BF0837BD464E
S3250800411080BD80B400AF00BFBD465DF8047B704780B586B000AF78600B46FB700023FB75D3
S3250800413063E0FA7D13465B0013445B001A467B6813441B78FB73FB7B002B02D100233B6173
S3250800415004E0FB7B012B4CD104233B613B69002B0CD1FA7D13465B0013445B001A467B680F
S3250800417013445A88284B1B685A632EE03B69042B0DD1FA7D13465B0013445B001A467B6856
S3250800419013445988204B1A680B4693631DE03B69082B0DD1FA7D13465B0013445B001A46A6
S325080041B07B6813445988184B1A680B46D3630CE0FA7D13465B0013445B001A467B681344F7
S325080041D05988114B1A680B46136439690E4803F09FF90346002B05D1FB7B0C4A0221D15459
S325080041F000E000BFFB7D0133FB75FA7DFB789A4297D300224FF48041054801F051FB0023E3
S3250800421018461837BD4680BDFC02002024150020000C024080B500AF00220121024801F06B
S325080042303FFB00BF80BD00BF0004024080B500AF01220121024801F033FB00BF80BD00BFD8
S325080042500004024080B582B000AF0346FB71F91D64230122064802F0C2FB0346002B14BF2B
S3250800427001230023DBB218460837BD4680BD00BFA402002080B582B000AFFF23FB71FFF750
S32508004290C9FF0520FFF7DEFFF91D64230122054802F0E9FCFFF7CAFFFB7918460837BD4689
S325080042B080BD00BFA402002080B582B000AF094B00221A70FFF7BAFF00F010F878607B68A6
S325080042D0054A934201D1002300E0012318460837BD4680BD261500201540EF0080B582B0C0
S325080042F000AF3B1D00210A461A800A469A70FFF791FF9F20FFF7A6FF391D64230322084802
S3250800431002F0B1FCFFF792FF3B791A047B791B021343BA79134318460837BD4680BD00BFFB
S32508004330A402002080B500AF074B1B78002B09D0FFF7A0FF034603F00103002B02D1024BAC
S3250800435000221A7000BF80BD2615002080B400AF034B02221A7000BFBD465DF8047B704710
S3250800437027150020DFF834D0FDF7ACFD0C480D490D4A002302E0D458C4500433C4188C4224
S32508004390F9D30A4A0A4C002301E013600432A242FBD305F053FDFCF71DFE704700000220FE
S325080043B000000020F8010020DCC70008F801002078160020FEE7000080B500AF0E4B1B688F
S325080043D00D4A43F4007313600B4B1B680A4A43F480631360084B1B68074A43F480731360CD
S325080043F0032000F0D5FF0F2000F008F8FDF7B2F90023184680BD00BF003C024080B582B098
S3250800441000AF7860124B1A68124B1B7819464FF47A73B3FBF1F3B2FBF3F3184600F0EDFF3A
S325080044300346002B01D001230EE07B680F2B0AD8002279684FF0FF3000F0B5FF064A7B68C0
S325080044501360002300E0012318460837BD4680BD000000202C0000202800002080B400AF30
S32508004470064B1B781A46064B1B681344044A136000BFBD465DF8047B704700BF2C00002096
S325080044902815002080B400AF034B1B681846BD465DF8047B704700BF2815002080B584B07C
S325080044B000AF78607B68002B01D10123EDE07B6893F82030DBB2002B02D17868FDF772F9FE
S325080044D07B681B681A687B681B6842F001021A60FFF7D8FFF86012E0FFF7D4FF0246FB6836
S325080044F0D31A0A2B0BD97B685B6A43F400327B685A627B68052283F820200123C5E07B6877
S325080045101B685B6803F00103002BE5D07B681B681A687B681B6822F002021A60FFF7B2FFDB
S32508004530F86012E0FFF7AEFF0246FB68D31A0A2B0BD97B685B6A43F400327B685A627B682C
S32508004550052283F8202001239FE07B681B685B6803F00203002BE5D17B681B7E012B08D135
S325080045707B681B681A687B681B6842F080021A6007E07B681B681A687B681B6822F08002D8
S325080045901A607B685B7E012B08D17B681B681A687B681B6842F040021A6007E07B681B6839
S325080045B01A687B681B6822F040021A607B689B7E012B08D17B681B681A687B681B6842F0A6
S325080045D020021A6007E07B681B681A687B681B6822F020021A607B68DB7E012B08D17B681A
S325080045F01B681A687B681B6822F010021A6007E07B681B681A687B681B6842F010021A60A1
S325080046107B681B7F012B08D17B681B681A687B681B6842F008021A6007E07B681B681A6827
S325080046307B681B6822F008021A607B685B7F012B08D17B681B681A687B681B6842F0040218
S325080046501A6007E07B681B681A687B681B6822F004021A607B689A687B68DB681A437B68B0
S325080046701B691A437B685B6942EA03017B685B685A1E7B681B680A43DA617B6800225A6297
S325080046907B68012283F82020002318461037BD4680BD000080B487B000AF786039607B68C5
S325080046B093F82030FB75FB7D012B03D0FB7D022B40F0BE80654B3B613B69D3F8003243F0E7
S325080046D001023B69C3F800223B69D3F8003223F47C523B69C3F800223B69D3F800223B68FD
S325080046F05B6A1B021A433B69C3F800223B685B6903F01F03012202FA03F3FB603B69D3F881
S325080047101C22FB68DB431A403B69C3F81C223B68DB69002B23D13B69D3F80C22FB68DB43A1
S325080047301A403B69C3F80C223B68DB6819043B685B689BB23A68526919433B69483243F8AC
S3250800475032103B689B6819043B681B689AB23B685B690A4339694833DB000B445A603B686C
S32508004770DB69012B22D13B69D3F80C22FB681A433B69C3F80C223B681B6819043B685B6825
S325080047909BB23A68526919433B69483243F832103B689B6819043B68DB689AB23B685B69FE
S325080047B00A4339694833DB000B445A603B689B69002B09D13B69D3F80422FB68DB431A4071
S325080047D03B69C3F8042207E03B69D3F80422FB681A433B69C3F804223B681B69002B09D149
S325080047F03B69D3F81422FB68DB431A403B69C3F8142207E03B69D3F81422FB681A433B6996
S32508004810C3F814223B681B6A012B07D13B69D3F81C22FB681A433B69C3F81C223B69D3F8E4
S32508004830003223F001023B69C3F80022002306E07B685B6A43F480227B685A6201231846E6
S325080048501C37BD465DF8047B704700BF0064004080B584B000AF78607B6893F82030DBB2BB
S32508004870012B2ED17B68022283F820207B681B681A687B681B6822F001021A60FFF702FE5A
S32508004890F86012E0FFF7FEFD0246FB68D31A0A2B0BD97B685B6A43F400327B685A627B687B
S325080048B0052283F82020012312E07B681B685B6803F00103002BE5D17B6800225A620023FD
S325080048D006E07B685B6A43F400227B685A62012318461037BD4680BD80B584B000AF78603B
S325080048F07B6893F82030DBB2022B33D17B681B681A687B681B6842F001021A60FFF7C2FD6C
S32508004910F86012E0FFF7BEFD0246FB68D31A0A2B0BD97B685B6A43F400327B685A627B683A
S32508004930052283F8202001231BE07B681B685B6803F00103002BE5D07B681B681A687B688D
S325080049501B6822F002021A607B68012283F82020002306E07B685B6A43F480127B685A624C
S32508004970012318461037BD4680BD80B489B000AFF860B9607A603B60FB6893F82030FB775E
S32508004990FB681B689B68BB61FB7F012B03D0FB7F022B40F0AD80BB6903F08063002B0AD177
S325080049B0BB6903F00063002B05D1BB6903F08053002B00F09580BB691B0E03F003037B6122
S325080049D001227B699A403B681A60BB689B68002B0DD1BB681B685A05BB68DB68F96809684F
S325080049F01A437B6918331B010B441A600FE0BB685B68DA00BB689B681A43BB68DB68F9682F
S32508004A1009681A437B6918331B010B441A60FB681968BB681A697B6918331B010B4404333B
S32508004A301A60BB681B7D012B11D1FB681A687B6918331B01134404331B68FA68116843F4C2
S32508004A5080727B6918331B010B4404331A607B6807331B781A067B6806331B781B041A4300
S32508004A707B6805331B781B0213437A68043212781046FA68116843EA00027B691B010B44A6
S32508004A9003F5C6731A607B6803331B781A067B6802331B781B041A437B6801331B781B0293
S32508004AB013437A6812781046FA68116843EA00027B691B010B4403F5C4731A60FB681A68D9
S32508004AD07B6918331B0113441B68FA68116843F001027B6918331B010B441A6000230EE05D
S32508004AF0FB685B6A43F40012FB685A62012306E0FB685B6A43F48022FB685A62012318465C
S32508004B102437BD465DF8047B704780B487B000AFF860B9607A603B60FB6893F82030FB75E0
S32508004B30FB7D012B03D0FB7D022B40F00381BB68002B0ED1FB681B68DB6803F00303002B0D
S32508004B5016D1FB685B6A43F40012FB685A620123F7E0FB681B681B6903F00303002B07D15F
S32508004B70FB685B6A43F40012FB685A620123E8E0FB681A68BB681B331B0113441B6803F05C
S32508004B9004027B689A607B689B68002B0CD1FB681A68BB681B331B0113441B685B0DC3F3BC
S32508004BB00A027B681A600BE0FB681A68BB681B331B0113441B68DB0823F060427B685A6002
S32508004BD0FB681A68BB681B331B0113441B6803F002027B68DA60FB681A68BB681B331B01E5
S32508004BF0134404331B6803F00803002B03D07B6808221A610BE0FB681A68BB681B331B01A5
S32508004C10134404331B6803F00F027B681A61FB681A68BB681B331B01134404331B681B0A5B
S32508004C30DAB27B689A61FB681A68BB681B331B01134404331B681B0C9AB27B685A61FB68F5
S32508004C501A68BB681B01134403F5DC731B68DAB23B681A70FB681A68BB681B01134403F528
S32508004C70DC731B681A0A3B680133D2B21A70FB681A68BB681B01134403F5DC731B681A0CD0
S32508004C903B680233D2B21A70FB681A68BB681B01134403F5DC731B681A0E3B680333D2B246
S32508004CB01A70FB681A68BB681B01134403F5DE731A683B680433D2B21A70FB681A68BB6816
S32508004CD01B01134403F5DE731B681A0A3B680533D2B21A70FB681A68BB681B01134403F5F7
S32508004CF0DE731B681A0C3B680633D2B21A70FB681A68BB681B01134403F5DE731B681A0E43
S32508004D103B680733D2B21A70BB68002B08D1FB681B68DA68FB681B6842F02002DA6007E0E0
S32508004D30FB681B681A69FB681B6842F020021A61002306E0FB685B6A43F48022FB685A620E
S32508004D50012318461C37BD465DF8047B704780B485B000AF786039607B6893F82030FB731D
S32508004D70FB7B012B02D0FB7B022B09D17B681B6859697B681B683A680A435A61002306E0E3
S32508004D907B685B6A43F480227B685A62012318461437BD465DF8047B704780B58AB000AF5C
S32508004DB0786000237B627B681B685B693B627B681B685B68FB617B681B689B68BB617B6849
S32508004DD01B68DB687B617B681B681B693B617B681B689B69FB603B6A03F00103002B7CD0B5
S32508004DF0BB6903F00103002B23D07B681B6801229A60BB6903F00203002B03D07868FFF7E9
S32508004E1054F916E0BB6903F00403002B04D07B6A43F400637B620CE0BB6903F00803002B7F
S32508004E3004D07B6A43F480537B6202E0786800F06BF9BB6903F48073002B24D07B681B680B
S32508004E504FF480729A60BB6903F40073002B03D07868FFF735F916E0BB6903F48063002B56
S32508004E7004D07B6A43F400537B620CE0BB6903F40063002B04D07B6A43F480437B6202E0ED
S32508004E90786800F04BF9BB6903F48033002B24D07B681B684FF480329A60BB6903F4003350
S32508004EB0002B03D07868FFF716F916E0BB6903F48023002B04D07B6A43F400437B620CE016
S32508004ED0BB6903F40023002B04D07B6A43F480337B6202E0786800F02BF93B6A03F0080352
S32508004EF0002B0CD07B6903F01003002B07D07B6A43F400737B627B681B681022DA603B6ABE
S32508004F1003F00403002B0BD07B6903F00803002B06D07B681B680822DA60786800F012F9EB
S32508004F303B6A03F00203002B09D07B681B68DB6803F00303002B02D07868FFF7ABF83B6AF5
S32508004F5003F04003002B0CD03B6903F01003002B07D07B6A43F480637B627B681B681022D6
S32508004F701A613B6A03F02003002B0BD03B6903F00803002B06D07B681B6808221A61786849
S32508004F9000F0F4F83B6A03F01003002B09D07B681B681B6903F00303002B02D0786800F0B8
S32508004FB0DBF83B6A03F40033002B0BD0FB6903F01003002B06D07B681B6810225A6078688E
S32508004FD000F0DEF83B6A03F48033002B0BD0FB6903F00803002B06D07B681B6808225A60EB
S32508004FF0786800F0D7F83B6A03F40043002B7BD0FB6903F00403002B72D03B6A03F4807345
S32508005010002B08D0FB6803F00103002B03D07B6A43F001037B623B6A03F40073002B08D00C
S32508005030FB6803F00203002B03D07B6A43F002037B623B6A03F48063002B08D0FB6803F027
S325080050500403002B03D07B6A43F004037B623B6A03F40063002B43D0FB6803F07003002B00
S325080050703ED0FB6803F07003602B2BD0602B2ED8502B22D0502B2AD8402B19D0402B26D87D
S32508005090302B10D0302B22D8102B02D0202B05D01DE07B6A43F008037B6219E07B6A43F027
S325080050B010037B6214E07B6A43F020037B620FE07B6A43F040037B620AE07B6A43F080032A
S325080050D07B6205E07B6A43F480737B6200E000BF7B681B689A697B681B6822F070029A6117
S325080050F07B681B6804225A607B6A002B08D07B685A6A7B6A1A437B685A627868FEF7F6FF12
S3250800511000BF2837BD4680BD80B483B000AF786000BF0C37BD465DF8047B704780B483B02E
S3250800513000AF786000BF0C37BD465DF8047B704780B483B000AF786000BF0C37BD465DF8F2
S32508005150047B704780B483B000AF786000BF0C37BD465DF8047B704780B483B000AF78608F
S3250800517000BF0C37BD465DF8047B704780B483B000AF786000BF0C37BD465DF8047B704703
S3250800519080B483B000AF786000BF0C37BD465DF8047B704780B483B000AF786000BF0C3783
S325080051B0BD465DF8047B704780B485B000AF78600023FB737B6893F82030BB73BB7B012B74
S325080051D002D0BB7B022B03D17B6800225A6207E07B685B6A43F480227B685A620123FB734E
S325080051F0FB7B18461437BD465DF8047B7047000080B485B000AF78607B6803F00703FB60B9
S325080052100C4BDB68BB60BA684FF6FF031340BB60FB681A02BB68134343F0BF6343F400332D
S32508005230BB60044ABB68D36000BF1437BD465DF8047B704700ED00E080B400AF044BDB68B7
S325080052501B0A03F007031846BD465DF8047B704700ED00E080B483B000AF0346FB7197F9FA
S325080052700730002B0BDBFB7903F01F02074997F907305B09012000FA02F241F8232000BF7B
S325080052900C37BD465DF8047B704700BF00E100E080B483B000AF03463960FB7197F9073074
S325080052B0002B0ADB3B68DAB20C4997F907301201D2B20B4483F800230AE03B68DAB2084987
S325080052D0FB7903F00F03043B1201D2B20B441A7600BF0C37BD465DF8047B704700E100E031
S325080052F000ED00E080B489B000AFF860B9607A60FB6803F00703FB61FB69C3F10703042B4F
S3250800531028BF0423BB61FB690433062B02D9FB69033B00E000237B614FF0FF32BB6902FA8D
S3250800533003F3DA43BB681A407B699A404FF0FF317B6901FA03F3D9437B680B4013431846BF
S325080053502437BD465DF8047B7047000080B582B000AF78607B68013BB3F1807F01D301239E
S325080053700FE00A4A7B68013B53600F214FF0FF30FFF78EFF054B00229A60044B07221A607B
S32508005390002318460837BD4680BD00BF10E000E080B582B000AF78607868FFF729FF00BFB5
S325080053B00837BD4680BD80B586B000AF0346B9607A60FB7300237B61FFF73EFF78617A689F
S325080053D0B9687869FFF78EFF024697F90F3011461846FFF75DFF00BF1837BD4680BD80B589
S325080053F082B000AF0346FB7197F907301846FFF731FF00BF0837BD4680BD80B582B000AF5A
S3250800541078607868FFF7A2FF034618460837BD4680BD80B584B000AF78607B689B6DFB60C3
S32508005430FFF730F8B8607B6893F83530DBB2022B08D07B6880225A657B68002283F834209B
S32508005450012352E07B681B681A687B681B6822F016021A607B681B685A697B681B6822F045
S3250800547080025A617B681B6C002B03D17B689B6C002B07D07B681B681A687B681B6822F01C
S3250800549008021A607B681B681A687B681B6822F001021A6013E0FEF7F5FF0246BB68D31A59
S325080054B0052B0CD97B6820225A657B68032283F835207B68002283F83420032315E07B682B
S325080054D01B681B6803F00103002BE4D17B68DB6D3F229A40FB689A607B68012283F8352038
S325080054F07B68002283F83420002318461037BD4680BD80B483B000AF78607B6893F83530F1
S32508005510DBB2022B04D07B6880225A6501230CE07B68052283F835207B681B681A687B68E6
S325080055301B6822F001021A60002318460C37BD465DF8047B7047000080B489B000AF7860F5
S32508005550396000237B6100233B610023BB610023FB616BE10122FB6902FA03F37B613B68D4
S325080055701B687A6913403B613A697B699A4240F05A813B685B6803F00303012B05D03B6847
S325080055905B6803F00303022B30D17B689B68BB61FB695B00032202FA03F3DB43BA69134097
S325080055B0BB613B68DA68FB695B0002FA03F3BA691343BB617B68BA699A607B685B68BB61C4
S325080055D00122FB6902FA03F3DB43BA691340BB613B685B681B0903F00102FB6902FA03F3AE
S325080055F0BA691343BB617B68BA695A603B685B6803F00303032B17D07B68DB68BB61FB691E
S325080056105B00032202FA03F3DB43BA691340BB613B689A68FB695B0002FA03F3BA6913437B
S32508005630BB617B68BA69DA603B685B6803F00303022B23D1FB69DA087B68083253F8223070
S32508005650BB61FB6903F007039B000F2202FA03F3DB43BA691340BB613B681A69FB6903F0C4
S3250800567007039B0002FA03F3BA691343BB61FB69DA087B680832B96943F822107B681B6888
S32508005690BB61FB695B00032202FA03F3DB43BA691340BB613B685B6803F00302FB695B002D
S325080056B002FA03F3BA691343BB617B68BA691A603B685B6803F44033002B00F0B480002383
S325080056D0FB60604B5B6C5F4A43F4804353645D4B5B6C03F48043FB60FB685B4AFB699B08F2
S325080056F0023352F82330BB61FB6903F003039B000F2202FA03F3DB43BA691340BB617B68F0
S32508005710524A93422BD07B68514A934225D07B68504A93421FD07B684F4A934219D07B6859
S325080057304E4A934213D07B684D4A93420DD07B684C4A934207D07B684B4A934201D1072361
S325080057500EE008230CE006230AE0052308E0042306E0032304E0022302E0012300E00023BE
S32508005770FA6902F0030292009340BA691343BB613549FB699B080233BA6941F823203B4BD8
S325080057909B68BB613B69DB43BA691340BB613B685B6803F48013002B03D0BA693B6913436D
S325080057B0BB61324ABB699360304BDB68BB613B69DB43BA691340BB613B685B6803F400137E
S325080057D0002B03D0BA693B691343BB61274ABB69D360264B5B68BB613B69DB43BA69134024
S325080057F0BB613B685B6803F40033002B03D0BA693B691343BB611D4ABB6953601B4B1B6881
S32508005810BB613B69DB43BA691340BB613B685B6803F48033002B03D0BA693B691343BB61B3
S32508005830124ABB691360FB690133FB61FB690F2B7FF690AE00BF00BF2437BD465DF8047B62
S32508005850704700BF0038024000380140000002400004024000080240000C0240001002404F
S325080058700014024000180240001C0240003C014080B485B000AF78600B467B807B681A69DD
S325080058907B881340002B02D00123FB7301E00023FB73FB7B18461437BD465DF8047B7047E6
S325080058B080B483B000AF78600B467B8013467B707B78002B03D07A887B689A6103E07B8895
S325080058D01A047B689A6100BF0C37BD465DF8047B7047000080B582B000AF0346FB80084BF1
S325080058F05A69FB881340002B06D0054AFB885361FB881846FCF732FE00BF0837BD4680BD28
S32508005910003C014080B586B000AF78607B68002B01D1012367E27B681B6803F00103002B25
S3250800593075D0884B9B6803F00C03042B0CD0854B9B6803F00C03082B12D1824B5B6803F4AF
S325080059508003B3F5800F0BD17E4B1B6803F40033002B5BD07B685B68002B57D1012342E286
S325080059707B685B68B3F5803F06D1764B1B68754A43F4803313601DE07B685B68B3F5A02FAB
S325080059900CD1704B1B686F4A43F4802313606D4B1B686C4A43F4803313600BE0694B1B6858
S325080059B0684A23F480331360664B1B68654A23F4802313607B685B68002B13D0FEF762FDC2
S325080059D0386108E0FEF75EFD02463B69D31A642B01D9032307E25B4B1B6803F40033002B09
S325080059F0F0D014E0FEF74EFD386108E0FEF74AFD02463B69D31A642B01D90323F3E1514B00
S32508005A101B6803F40033002BF0D100E000BF7B681B6803F00203002B63D04A4B9B6803F0E9
S32508005A300C03002B0BD0474B9B6803F00C03082B1CD1444B5B6803F48003002B16D1414B12
S32508005A501B6803F00203002B05D07B68DB68012B01D00123C7E13B4B1B6823F0F8027B68C5
S32508005A701B69DB00374913430B603AE07B68DB68002B20D0344B01221A60FEF703FD386163
S32508005A9008E0FEF7FFFC02463B69D31A022B01D90323A8E12B4B1B6803F00203002BF0D0A5
S32508005AB0284B1B6823F0F8027B681B69DB00254913430B6015E0244B00221A60FEF7E2FC81
S32508005AD0386108E0FEF7DEFC02463B69D31A022B01D9032387E11B4B1B6803F00203002BDE
S32508005AF0F0D17B681B6803F00803002B36D07B685B69002B16D0154B01221A60FEF7C2FCCA
S32508005B10386108E0FEF7BEFC02463B69D31A022B01D9032367E10B4B5B6F03F00203002BA6
S32508005B30F0D01BE0094B00221A60FEF7ABFC38610EE0FEF7A7FC02463B69D31A022B07D9FB
S32508005B50032350E10038024000004742800E4742884B5B6F03F00203002BEAD17B681B68D5
S32508005B7003F00403002B00F097800023FB75814B1B6C03F08053002B0FD10023BB607D4B1E
S32508005B901B6C7C4A43F0805313647A4B1B6C03F08053BB60BB680123FB75774B1B6803F4FD
S32508005BB08073002B18D1744B1B68734A43F480731360FEF767FC386108E0FEF763FC0246AF
S32508005BD03B69D31A022B01D903230CE16A4B1B6803F48073002BF0D07B689B68012B06D106
S32508005BF0644B1B6F634A43F0010313671CE07B689B68052B0CD15F4B1B6F5E4A43F00403EB
S32508005C1013675C4B1B6F5B4A43F0010313670BE0584B1B6F574A23F001031367554B1B6FF1
S32508005C30544A23F0040313677B689B68002B15D0FEF728FC38610AE0FEF724FC02463B6981
S32508005C50D31A41F28832934201D90323CBE0494B1B6F03F00203002BEED014E0FEF712FCD6
S32508005C7038610AE0FEF70EFC02463B69D31A41F28832934201D90323B5E03E4B1B6F03F04E
S32508005C900203002BEED1FB7D012B05D1394B1B6C384A23F0805313647B689B69002B00F091
S32508005CB0A180344B9B6803F00C03082B5CD07B689B69022B41D1314B00221A60FEF7E2FBB2
S32508005CD0386108E0FEF7DEFB02463B69D31A022B01D9032387E0274B1B6803F00073002B64
S32508005CF0F0D17B68DA697B681B6A1A437B685B6A9B011A437B689B6A5B08013B1B041A4336
S32508005D107B68DB6A1B061B4913434B601B4B01221A60FEF7B7FB386108E0FEF7B3FB0246A1
S32508005D303B69D31A022B01D903235CE0114B1B6803F00073002BF0D054E0104B00221A60F0
S32508005D50FEF7A0FB386108E0FEF79CFB02463B69D31A022B01D9032345E0064B1B6803F096
S32508005D700073002BF0D13DE07B689B69012B07D1012338E00038024000700040600047424F
S32508005D901B4B5B68FB607B689B69012B28D0FB6803F480027B68DB699A4221D1FB6803F02F
S32508005DB03F027B681B6A9A421AD1FA6847F6C07313407A68526A9201934211D1FB6803F4EE
S32508005DD040327B689B6A5B08013B1B049A4207D1FB6803F070627B68DB6A1B069A4201D0BB
S32508005DF0012300E0002318461837BD4680BD00BF0038024080B584B000AF786039607B68CC
S32508005E10002B01D10123CCE0684B1B6803F007033A689A420CD9654B3A68D2B21A70634BF3
S32508005E301B6803F007033A689A4201D00123B8E07B681B6803F00203002B20D07B681B68DA
S32508005E5003F00403002B05D0594B9B68584A43F4E05393607B681B6803F00803002B05D020
S32508005E70534B9B68524A43F460439360504B9B6823F0F0027B689B684D4913438B607B68B7
S32508005E901B6803F00103002B44D07B685B68012B07D1474B1B6803F40033002B19D1012309
S32508005EB07FE07B685B68022B03D07B685B68032B07D13F4B1B6803F00073002B09D1012377
S32508005ED06FE03B4B1B6803F00203002B01D1012367E0374B9B6823F003027B685B6834492C
S32508005EF013438B60FEF7CEFAF8600AE0FEF7CAFA0246FB68D31A41F28832934201D9032331
S32508005F104FE02B4B9B6803F00C027B685B689B009A42EBD1254B1B6803F007033A689A4273
S32508005F300CD2224B3A68D2B21A70204B1B6803F007033A689A4201D0012332E07B681B6872
S32508005F5003F00403002B08D0194B9B6823F4E0527B68DB68164913438B607B681B6803F057
S32508005F700803002B09D0124B9B6823F460427B681B69DB000E4913438B6000F021F80246B0
S32508005F900B4B9B681B0903F00F030A49CB5C22FA03F3094A1360094B1B681846FEF72EFABD
S32508005FB0002318461037BD4680BD00BF003C02400038024058C30008000000202800002079
S32508005FD02DE9B04F94B000AF00237B640023FB6400233B640023BB64794B9B6803F00C034A
S32508005FF0082B0DD0082B00F2E180002B02D0042B03D0DBE0734BBB64DBE0734BBB64D8E006
S325080060106F4B5B6803F03F037B646D4B5B6803F48003002B63D06A4B5B689B090022BB6322
S32508006030FA63BB6BC3F308033B6300237B63D7E90C4522462B464FF000004FF0000159019C
S3250800605041EAD261500102460B462146511A3961294663EB01037B614FF000024FF000034E
S32508006070D7E904AB59468B01514643EA916351468A015146B2EB0108594663EB01094FF01B
S3250800609000024FF000034FEAC90343EA58734FEAC80290469946234618EB0303BB602B46EB
S325080060B049EB0303FB604FF000024FF00003D7E9024529464B02214643EAD15321464A027C
S325080060D0104619467B6C0022BB62FA62D7E90A23FAF762FD02460B461346FB6458E0384B22
S325080060F05B689B09002218461146C0F308033B6200237B62D7E9088942464B464FF0000040
S325080061104FF00001590141EAD261500102460B464146B2EB010A494663EB010B4FF0000226
S325080061304FF000034FEA8B1343EA9A634FEA8A12B2EB0A0463EB0B054FF000024FF000039D
S32508006150EB0043EA5473E20014461D464346E3183B604B4645EB03037B604FF000024FF062
S325080061700003D7E9004529468B02214643EA915321468A02104619467B6C0022BB61FA615D
S32508006190D7E90623FAF708FD02460B461346FB640B4B5B681B0C03F0030301335B003B644A
S325080061B0FA6C3B6CB2FBF3F3BB6402E0054BBB6400BFBB6C18465037BD46BDE8B08F00BF40
S325080061D0003802400024F40000127A0080B400AF034B1B681846BD465DF8047B704700BF24
S325080061F00000002080B500AFFFF7F0FF0246054B9B689B0A03F007030349CB5C22FA03F3D6
S32508006210184680BD0038024068C3000880B500AFFFF7DCFF0246054B9B685B0B03F0070365
S325080062300349CB5C22FA03F3184680BD0038024068C3000880B586B000AF786000237B6182
S3250800625000233B617B681B6803F00103002B05D17B681B6803F00403002B35D0624B0022A4
S325080062701A60FEF70FF9786108E0FEF70BF902467B69D31A022B01D90323B0E05B4B1B68D0
S3250800629003F00063002BF0D17B685B689A017B689B681B0755491343C1F88430524B012234
S325080062B01A60FEF7EFF8786108E0FEF7EBF802467B69D31A022B01D9032390E04B4B1B6802
S325080062D003F00063002BF0D07B681B6803F00203002B00F083800023FB60444B1B6C434AC2
S325080062F043F080531364414B1B6C03F08053FB60FB683F4B1B683E4A43F480731360FEF745
S32508006310C1F8786108E0FEF7BDF802467B69D31A022B01D9032362E0354B1B6803F48073C6
S32508006330002BF0D0314B1B6F03F440733B613B69002B2FD07B68DB6803F440733A699A42EB
S3250800635028D02A4B1B6F23F440733B61294B01221A60284B00221A60244A3B691367234BA8
S325080063701B6F03F00103012B14D1FEF78BF878610AE0FEF787F802467B69D31A41F28832B8
S32508006390934201D903232AE0184B1B6F03F00203002BEED07B68DB6803F44073B3F5407FFB
S325080063B00DD1124B9B6823F4F8127B68DB6823F0704323F440730D4913438B6005E00B4BD8
S325080063D09B680A4A23F4F8139360084B1A6F7B68DB68C3F30B03054913430B6700231846D6
S325080063F01837BD4680BD00BF680047420038024000700040400E474280B582B000AF786051
S325080064107B68002B01D101231CE07B685B79DBB2002B05D17B6800221A717868FBF772FA4B
S325080064307B6802225A717B681B681A687B681B6842F004021A607B6801225A717B68002296
S325080064509A60002318460837BD4680BD80B584B000AF78607B68002B01D1012373E07B68FA
S325080064705B7FDBB2002B05D17B6800221A777868FBF76AFA7B6802225A777B681B68DB6849
S3250800649003F01003102B55D07B681B68CA225A627B681B6853225A62786800F09DF9034624
S325080064B0FB73FB7B002B2CD17B681B689B687A68126823F4E00323F0400393607B681B6844
S325080064D099687B685A687B681B691A437B685B691A437B681B680A439A607B681B687A683B
S325080064F0D2681A617B681B6819697B689B681A047B681B680A431A61786800F0A4F90346F9
S32508006510FB73FB7B002B10D17B681B681A6C7B681B6822F480221A647B681B68196C7B6817
S325080065309A697B681B680A431A647B681B68FF225A6201E00023FB73FB7B002B02D17B68FD
S3250800655001225A77FB7B18461037BD4680BD90B587B000AFF860B9607A6000237B61FB68F6
S325080065701B7F012B01D1022387E0FB6801221A77FB6802225A777B68002B26D1FB681B687F
S325080065909B6803F04003002B02D1BB680022DA70BB681B78184600F07BF903461C04BB6813
S325080065B05B78184600F074F903461B021C43BB689B78184600F06CF9034644EA0302BB68E2
S325080065D0DB789B0513437B6118E0FB681B689B6803F04003002B02D1BB680022DA70BB68B1
S325080065F01B781A04BB685B781B021343BA6892781A43BB68DB789B0513437B61FB681B68AC
S32508006610CA225A62FB681B6853225A62F86800F0E3F80346FB74FB7C002B20D1FB681A6842
S325080066307B6903F07F3323F0FE431360FB681B689A68FB681B6822F480229A60FB681B6886
S325080066509968BB68DA68BB681B691A43FB681B680A439A60F86800F0F6F80346FB74FB7C18
S32508006670002B02D1FB6801225A77FB681B68FF225A62FB6800221A77FB7C18461C37BD46A3
S3250800669090BD90B587B000AFF860B9607A6000237B61FB681B7F012B01D1022371E0FB6846
S325080066B001221A77FB6802225A777B68002B0ED1BB685B7803F01003002B08D0BB685B78CE
S325080066D023F01003DBB20A33DAB2BB685A707B68002B1CD1BB68DB78184600F0D9F803465A
S325080066F01C04BB685B78184600F0D2F803461B021C43BB689B78184600F0CAF8034644EACC
S325080067100302BB681B785B0313437B610EE0BB68DB781A04BB685B781B021343BA689278F9
S325080067301A43BB681B785B0313437B61FB681B68CA225A62FB681B6853225A62F86800F0A3
S325080067504BF80346FB74FB7C002B0CD1FB681A687B6923F07F4323F0C0035360F86800F02A
S3250800677072F80346FB74FB7C002B02D1FB6801225A77FB681B68FF225A62FB6800221A7734
S32508006790FB7C18461C37BD4690BD000080B584B000AF78600023FB607B681B680D4ADA60FE
S325080067B0FDF770FEF86009E0FDF76CFE0246FB68D31AB3F57A7F01D9032307E07B681B6834
S325080067D0DB6803F02003002BEED0002318461037BD4680BD5F7F010080B584B000AF786082
S325080067F00023BB600023FB737B681B68DB6803F04003002B22D17B681B68DA687B681B68A1
S3250800681042F08002DA60FDF73DFEB8600CE0FDF739FE0246BB68D31AB3F57A7F04D97B6855
S3250800683004225A770123FB737B681B68DB6803F04003002B02D1FB7B012BE8D1FB7B1846A5
S325080068501037BD4680BD80B584B000AF78600023FB737B681B68DA687B681B6822F0800270
S32508006870DA607B681B689B6803F02003002B0AD17868FFF78BFF0346002B04D07B6804228A
S325080068905A770123FB73FB7B18461037BD4680BD80B485B000AF0346FB710023FB6005E0EC
S325080068B0FB680133FB60FB790A3BFB71FB79092BF6D8FB68DBB21B01DAB2FB791343DBB23E
S325080068D018461437BD465DF8047B704780B582B000AF78607B68002B01D101237BE07B6833
S325080068F05B6A002B08D17B685B68B3F5827F09D07B680022DA6105E07B6800221A617B6801
S3250800691000225A617B6800229A627B6893F85130DBB2002B06D17B68002283F8502078682D
S32508006930FBF73CF87B68022283F851207B681B681A687B681B6822F040021A607B685B685E
S3250800695003F482727B689B6803F404431A437B68DB6803F400631A437B681B6903F0020371
S325080069701A437B685B6903F001031A437B689B6903F400731A437B68DB6903F038031A4341
S325080069907B681B6A03F0800342EA03017B689B6A03F400527B681B680A431A607B689B6986
S325080069B01B0C03F004017B685B6A03F010027B681B680A435A607B681B68DA697B681B6871
S325080069D022F40062DA617B6800225A657B68012283F85120002318460837BD4680BD80B5FB
S325080069F088B000AFF860B9603B601346FB80FDF749FDF861FB887B83FB6893F85130DBB2A2
S32508006A10012B01D002232AE1BB68002B02D0FB88002B01D1012322E1FB6893F85030012BCA
S32508006A3001D102231BE1FB68012283F85020FB68032283F85120FB6800225A65FB68BA6897
S32508006A501A63FB68FA889A86FB68FA88DA86FB6800229A63FB6800229A87FB680022DA8743
S32508006A70FB6800225A64FB6800221A64FB689B68B3F5004F0FD1FB681B681A68FB681B6827
S32508006A9022F040021A60FB681B681A68FB681B6842F480421A60FB681B681B6803F04003AB
S32508006AB0402B07D0FB681B681A68FB681B6842F040021A60FB68DB68B3F5006F52D1FB68F7
S32508006AD05B68002B02D07B8B012B45D1FB681B6B1A88FB681B68DA60FB681B6B9A1CFB68E3
S32508006AF01A63FB68DB8E9BB2013B9AB2FB68DA8632E0FB681B689B6803F00203022B12D194
S32508006B10FB681B6B1A88FB681B68DA60FB681B6B9A1CFB681A63FB68DB8E9BB2013B9AB28C
S32508006B30FB68DA8618E0FDF7ADFC0246FB69D31A3A689A4203D83B68B3F1FF3F02D13B68F2
S32508006B50002B09D1FB68012283F85120FB68002283F85020032382E0FB68DB8E9BB2002B64
S32508006B70C7D153E0FB685B68002B02D07B8B012B47D1FB681A6BFB681B680C3312781A709E
S32508006B90FB681B6B5A1CFB681A63FB68DB8E9BB2013B9AB2FB68DA8633E0FB681B689B6838
S32508006BB003F00203022B13D1FB681A6BFB681B680C3312781A70FB681B6B5A1CFB681A634E
S32508006BD0FB68DB8E9BB2013B9AB2FB68DA8618E0FDF758FC0246FB69D31A3A689A4203D801
S32508006BF03B68B3F1FF3F02D13B68002B09D1FB68012283F85120FB68002283F8502003236F
S32508006C102DE0FB68DB8E9BB2002BC6D1FA693968F86800F0D9FB0346002B02D0FB6820225B
S32508006C305A65FB689B68002B0AD100237B61FB681B68DB687B61FB681B689B687B617B695E
S32508006C50FB68012283F85120FB68002283F85020FB685B6D002B01D0012300E00023184688
S32508006C702037BD4680BD80B588B002AFF860B9603B601346FB80FB6893F85130DBB2012B39
S32508006C9001D0022304E1BB68002B02D0FB88002B01D10123FCE0FB685B68B3F5827F12D1A9
S32508006CB0FB689B68002B0ED1FB68042283F85120FA883B6800931346BA68B968F86800F02D
S32508006CD0EBF80346E4E0FDF7DDFB7861FB6893F85030012B01D10223DAE0FB68012283F8B5
S32508006CF05020FB68042283F85120FB6800225A65FB68BA689A63FB68FA889A87FB68FA88E0
S32508006D10DA87FB6800221A63FB6800229A86FB680022DA86FB6800221A64FB6800225A6422
S32508006D30FB689B68B3F5004F0FD1FB681B681A68FB681B6822F040021A60FB681B681A6874
S32508006D50FB681B6822F480421A60FB681B681B6803F04003402B07D0FB681B681A68FB6831
S32508006D701B6842F040021A60FB68DB68002B70D135E0FB681B689B6803F00103012B15D16B
S32508006D90FB681B6803F10C02FB689B6B1278D2B21A70FB689B6B5A1CFB689A63FB68DB8FE0
S32508006DB09BB2013B9AB2FB68DA8718E0FDF76AFB02467B69D31A3A689A4203D83B68B3F112
S32508006DD0FF3F02D13B68002B09D1FB68012283F85120FB68002283F85020032358E0FB6839
S32508006DF0DB8F9BB2002BC4D138E0FB681B689B6803F00103012B13D1FB681B68DA68FB686B
S32508006E109B6B92B21A80FB689B6B9A1CFB689A63FB68DB8F9BB2013B9AB2FB68DA8718E093
S32508006E30FDF730FB02467B69D31A3A689A4203D83B68B3F1FF3F02D13B68002B09D1FB6840
S32508006E50012283F85120FB68002283F8502003231EE0FB68DB8F9BB2002BC6D17A69396811
S32508006E70F86800F04BFA0346002B02D0FB6820225A65FB68012283F85120FB68002283F843
S32508006E905020FB685B6D002B01D0012300E0002318461837BD4680BD80B58AB000AFF860B3
S32508006EB0B9607A607B8001237B62FDF7EBFA3862FB6893F85130FB77FB685B68BB617B882C
S32508006ED0FB82FB7F012B0CD0BB69B3F5827F06D1FB689B68002B02D1FB7F042B01D00223EE
S32508006EF07FE1BB68002B05D07B68002B02D07B88002B01D1012374E1FB6893F85030012BFE
S32508006F1001D102236DE1FB68012283F85020FB6893F85130DBB2042B03D0FB68052283F89A
S32508006F305120FB6800225A65FB687A689A63FB687A88DA87FB687A889A87FB68BA681A63EE
S32508006F50FB687A88DA86FB687A889A86FB6800221A64FB6800225A64FB681B681B6803F027
S32508006F704003402B07D0FB681B681A68FB681B6842F040021A60FB68DB68B3F5006F7ED126
S32508006F90FB685B68002B02D0FB8A012B6CD1FB681B6B1A88FB681B68DA60FB681B6B9A1C78
S32508006FB0FB681A63FB68DB8E9BB2013B9AB2FB68DA8659E0FB681B689B6803F00203022B28
S32508006FD01BD1FB68DB8E9BB2002B16D07B6A012B13D1FB681B6B1A88FB681B68DA60FB687A
S32508006FF01B6B9A1CFB681A63FB68DB8E9BB2013B9AB2FB68DA8600237B62FB681B689B680A
S3250800701003F00103012B19D1FB68DB8F9BB2002B14D0FB681B68DA68FB689B6B92B21A80AD
S32508007030FB689B6B9A1CFB689A63FB68DB8F9BB2013B9AB2FB68DA8701237B62FDF722FA3C
S3250800705002463B6AD31A3A6B9A420DD83B6BB3F1FF3F09D0FB68012283F85120FB6800227A
S3250800707083F850200323BCE0FB68DB8E9BB2002BA0D1FB68DB8F9BB2002B9BD182E0FB681A
S325080070905B68002B02D0FB8A012B71D1FB681A6BFB681B680C3312781A70FB681B6B5A1C9F
S325080070B0FB681A63FB68DB8E9BB2013B9AB2FB68DA865DE0FB681B689B6803F00203022B23
S325080070D01CD1FB68DB8E9BB2002B17D07B6A012B14D1FB681A6BFB681B680C3312781A7063
S325080070F0FB681B6B5A1CFB681A63FB68DB8E9BB2013B9AB2FB68DA8600237B62FB681B68E9
S325080071109B6803F00103012B19D1FB68DB8F9BB2002B14D0FB681B68DA68FB689B6BD2B203
S325080071301A70FB689B6B5A1CFB689A63FB68DB8F9BB2013B9AB2FB68DA8701237B62FDF70D
S32508007150A1F902463B6AD31A3A6B9A4203D83B6BB3F1FF3F02D13B6B002B09D1FB680122B5
S3250800717083F85120FB68002283F85020032338E0FB68DB8E9BB2002B9CD1FB68DB8F9BB28C
S32508007190002B97D13A6A396BF86800F01DF90346002B08D0FB6820225A65FB68002283F8E0
S325080071B0502001231DE0FB689B68002B0AD100233B61FB681B68DB683B61FB681B689B6847
S325080071D03B613B69FB68012283F85120FB68002283F85020FB685B6D002B01D0012300E044
S325080071F0002318462837BD4680BD000080B588B000AFF860B9603B601346FB71FDF742F935
S325080072100246BB6A9B1A3A681344FB61FDF73AF9B861394B1B685B011B0DFA6902FB03F3B8
S325080072307B6155E03B68B3F1FF3F51D0FDF72AF90246BB69D31AFA699A4202D9FB69002B60
S325080072503DD1FB681B685A68FB681B6822F0E0025A60FB685B68B3F5827F11D1FB689B68AF
S32508007270B3F5004F04D0FB689B68B3F5806F07D1FB681B681A68FB681B6822F040021A6034
S32508007290FB689B6AB3F5005F0FD1FB681B681A68FB681B6822F400521A60FB681B681A68E9
S325080072B0FB681B6842F400521A60FB68012283F85120FB68002283F85020032318E07B69E4
S325080072D0002B02D10023FB6102E07B69013B7B61FB681B689A68BB681340BA689A420CBF0E
S325080072F001230023DBB21A46FB799A429AD1002318462037BD4680BD0000002080B586B0DE
S3250800731002AFF860B9607A60FB685B68B3F5827F11D1FB689B68B3F5004F04D0FB689B680B
S32508007330B3F5806F07D1FB681B681A68FB681B6822F040021A60FB685B68B3F5827F2AD1DA
S32508007350FB689B68B3F5806F12D07B680093BB6800228021F868FFF749FF0346002B2DD0C5
S32508007370FB685B6D43F02002FB685A65032326E07B680093BB6800220121F868FFF736FFB9
S325080073900346002B1AD0FB685B6D43F02002FB685A65032313E07B680093BB6800220121D9
S325080073B0F868FFF723FF0346002B07D0FB685B6D43F02002FB685A65032300E000231846C3
S325080073D01037BD4680BD000080B588B002AFF860B9607A607B680093BB6801220221F86860
S325080073F0FFF704FF0346002B07D0FB685B6D43F02002FB685A65032332E01B4B1B681B4A03
S32508007410A2FB03235B0D4FF47A7202FB03F37B61FB685B68B3F5827F12D17B680093BB68DA
S3250800743000228021F868FFF7E1FE0346002B16D0FB685B6D43F02002FB685A6503230FE025
S325080074507B69002B0AD07B69013B7B61FB681B689B6803F08003802BF2D000E000BF00239B
S3250800747018461837BD4680BD00000020819F5E1680B582B000AF78607B68002B01D101235B
S3250800749041E07B6893F83D30DBB2002B06D17B68002283F83C207868FAF7C8FA7B680222CD
S325080074B083F83D207B681A687B6804331946104600F0E8FA7B68012283F846207B680122E3
S325080074D083F83E207B68012283F83F207B68012283F840207B68012283F841207B6801220C
S325080074F083F842207B68012283F843207B68012283F844207B68012283F845207B680122DC
S3250800751083F83D20002318460837BD4680BD000080B584B000AF786039603B68002B09D144
S325080075307B6893F83E30DBB2012B14BF01230023DBB222E03B68042B09D17B6893F83F3066
S32508007550DBB2012B14BF01230023DBB215E03B68082B09D17B6893F84030DBB2012B14BF9E
S3250800757001230023DBB208E07B6893F84130DBB2012B14BF01230023DBB2002B01D00123D2
S325080075907CE03B68002B04D17B68022283F83E2013E03B68042B04D17B68022283F83F2073
S325080075B00BE03B68082B04D17B68022283F8402003E07B68022283F841207B681B680122E6
S325080075D03968184600F0B4FC7B681B682D4A934204D07B681B682C4A934201D1012300E0E1
S325080075F00023002B07D07B681B685A6C7B681B6842F400425A647B681B68224A934222D0E7
S325080076107B681B68B3F1804F1DD07B681B681F4A934218D07B681B681D4A934213D07B6892
S325080076301B681C4A93420ED07B681B68164A934209D07B681B68184A934204D07B681B6845
S32508007650164A934211D17B681B689B6803F00703FB60FB68062B10D07B681B681A687B68F5
S325080076701B6842F001021A6007E07B681B681A687B681B6842F001021A600023184610370E
S32508007690BD4680BD00000140000401400004004000080040000C0040004001400018004055
S325080076B080B584B000AF78607B681B68DB68FB607B681B681B69BB60BB6803F00203002B6D
S325080076D020D0FB6803F00203002B1BD07B681B686FF002021A617B6801221A777B681B68EA
S325080076F09B6903F00303002B03D0786800F09EF905E0786800F090F9786800F0A1F97B687F
S3250800771000221A77BB6803F00403002B20D0FB6803F00403002B1BD07B681B686FF0040222
S325080077301A617B6802221A777B681B689B6903F44073002B03D0786800F078F905E0786800
S3250800775000F06AF9786800F07BF97B6800221A77BB6803F00803002B20D0FB6803F0080341
S32508007770002B1BD07B681B686FF008021A617B6804221A777B681B68DB6903F00303002B23
S3250800779003D0786800F052F905E0786800F044F9786800F055F97B6800221A77BB6803F021
S325080077B01003002B20D0FB6803F01003002B1BD07B681B686FF010021A617B6808221A770E
S325080077D07B681B68DB6903F44073002B03D0786800F02CF905E0786800F01EF9786800F0A8
S325080077F02FF97B6800221A77BB6803F00103002B0CD0FB6803F00103002B07D07B681B68CA
S325080078106FF001021A61786800F0FCF8BB6803F08003002B0CD0FB6803F08003002B07D02E
S325080078307B681B686FF080021A61786800F02CFCBB6803F04003002B0CD0FB6803F0400377
S32508007850002B07D07B681B686FF040021A61786800F000F9BB6803F02003002B0CD0FB681A
S3250800787003F02003002B07D07B681B686FF020021A61786800F0FEFB00BF1037BD4680BD61
S3250800789080B586B000AFF860B9607A600023FB75FB6893F83C30012B01D10223AEE0FB6864
S325080078B0012283F83C207B680C2B00F29F8001A252F823F0F9780008FD790008FD79000810
S325080078D0FD79000839790008FD790008FD790008FD7900087B790008FD790008FD790008E0
S325080078F0FD790008BB790008FB681B68B968184600F06EF9FB681B689A69FB681B6842F0F3
S3250800791008029A61FB681B689A69FB681B6822F004029A61FB681B689969BB681A69FB6871
S325080079301B680A439A6164E0FB681B68B968184600F0BEF9FB681B689A69FB681B6842F409
S3250800795000629A61FB681B689A69FB681B6822F480629A61FB681B689969BB681B691A023F
S32508007970FB681B680A439A6143E0FB681B68B968184600F013FAFB681B68DA69FB681B6827
S3250800799042F00802DA61FB681B68DA69FB681B6822F00402DA61FB681B68D969BB681A6922
S325080079B0FB681B680A43DA6123E0FB681B68B968184600F067FAFB681B68DA69FB681B6873
S325080079D042F40062DA61FB681B68DA69FB681B6822F48062DA61FB681B68D969BB681B69A5
S325080079F01A02FB681B680A43DA6102E00123FB7500BFFB68002283F83C20FB7D1846183729
S32508007A10BD4680BD80B483B000AF786000BF0C37BD465DF8047B704780B483B000AF78609C
S32508007A3000BF0C37BD465DF8047B704780B483B000AF786000BF0C37BD465DF8047B70471A
S32508007A5080B483B000AF786000BF0C37BD465DF8047B704780B483B000AF786000BF0C379A
S32508007A70BD465DF8047B704780B483B000AF78607B6893F83D30DBB218460C37BD465DF80B
S32508007A90047B704780B485B000AF786039607B681B68FB607B68434A934213D07B68B3F199
S32508007AB0804F0FD07B68404A93420BD07B683F4A934207D07B683E4A934203D07B683D4A48
S32508007AD0934208D1FB6823F07003FB603B685B68FA681343FB607B68324A93422BD07B680B
S32508007AF0B3F1804F27D07B682F4A934223D07B682E4A93421FD07B682D4A93421BD07B68BE
S32508007B102C4A934217D07B682B4A934213D07B682A4A93420FD07B68294A93420BD07B6811
S32508007B30284A934207D07B68274A934203D07B68264A934208D1FB6823F44073FB603B68E1
S32508007B50DB68FA681343FB60FB6823F080023B685B691343FB603B689A687B68DA623B683A
S32508007B701A687B689A627B680E4A934203D07B68104A934203D13B681A697B681A637B6854
S32508007B901B6843F004027B681A607B6801225A617B68FA681A6000BF1437BD465DF8047B4D
S32508007BB0704700BF000001400004004000080040000C0040000401400040014000440140CD
S32508007BD00048014000180040001C00400020004080B487B000AF786039607B681B6A7B611B
S32508007BF07B681B6A23F001027B681A627B685B683B617B689B69FB60FB6823F07003FB60C2
S32508007C10FB6823F00303FB603B681B68FA681343FB607B6923F002037B613B689B687A69D5
S32508007C3013437B617B68204A934203D07B681F4A93420CD17B6923F008037B613B68DB683D
S32508007C507A6913437B617B6923F004037B617B68154A934203D07B68144A934211D13B6991
S32508007C7023F480733B613B6923F400733B613B685B693A6913433B613B689B693A691343DA
S32508007C903B617B683A695A607B68FA689A613B685A687B685A637B687A691A6200BF1C3751
S32508007CB0BD465DF8047B7047000001400004014080B487B000AF786039607B681B6A7B61C3
S32508007CD07B681B6A23F010027B681A627B685B683B617B689B69FB60FB6823F4E043FB601E
S32508007CF0FB6823F44073FB603B681B681B02FA681343FB607B6923F020037B613B689B68EC
S32508007D101B017A6913437B617B68224A934203D07B68214A93420DD17B6923F080037B61C6
S32508007D303B68DB681B017A6913437B617B6923F040037B617B68174A934203D07B68164AC9
S32508007D50934213D13B6923F480633B613B6923F400633B613B685B699B003A6913433B61C1
S32508007D703B689B699B003A6913433B617B683A695A607B68FA689A613B685A687B689A6349
S32508007D907B687A691A6200BF1C37BD465DF8047B704700BF000001400004014080B487B033
S32508007DB000AF786039607B681B6A7B617B681B6A23F480727B681A627B685B683B617B684C
S32508007DD0DB69FB60FB6823F07003FB60FB6823F00303FB603B681B68FA681343FB607B69AE
S32508007DF023F400737B613B689B681B027A6913437B617B68214A934203D07B68204A93420F
S32508007E100DD17B6923F400637B613B68DB681B027A6913437B617B6923F480637B617B6877
S32508007E30164A934203D07B68154A934213D13B6923F480533B613B6923F400533B613B68AA
S32508007E505B691B013A6913433B613B689B691B013A6913433B617B683A695A607B68FA68B2
S32508007E70DA613B685A687B68DA637B687A691A6200BF1C37BD465DF8047B70470000014001
S32508007E900004014080B487B000AF786039607B681B6A3B617B681B6A23F480527B681A6240
S32508007EB07B685B687B617B68DB69FB60FB6823F4E043FB60FB6823F44073FB603B681B68FA
S32508007ED01B02FA681343FB603B6923F400533B613B689B681B033A6913433B617B68124A12
S32508007EF0934203D07B68114A934209D17B6923F480437B613B685B699B017A6913437B611D
S32508007F107B687A695A607B68FA68DA613B685A687B681A647B683A691A6200BF1C37BD4666
S32508007F305DF8047B704700BF000001400004014080B487B000AFF860B9607A60BB6803F0D8
S32508007F501F03012202FA03F37B61FB681A6A7B69DB431A40FB681A62FB681A6ABB6803F0D1
S32508007F701F03796801FA03F31A43FB681A6200BF1C37BD465DF8047B7047000080B485B0AA
S32508007F9000AF786039607B6893F83C30012B01D102235AE07B68012283F83C207B68022288
S32508007FB083F83D207B681B685B68FB607B681B689B68BB60FB6823F07003FB603B681B6859
S32508007FD0FA681343FB607B681B68FA685A607B681B68214A934222D07B681B68B3F1804F7D
S32508007FF01DD07B681B681D4A934218D07B681B681B4A934213D07B681B681A4A93420ED0EC
S325080080107B681B68184A934209D07B681B68174A934204D07B681B68154A93420CD1BB68C2
S3250800803023F08003BB603B685B68BA681343BB607B681B68BA689A607B68012283F83D2018
S325080080507B68002283F83C20002318461437BD465DF8047B704700BF000001400004004088
S3250800807000080040000C004000040140004001400018004080B483B000AF786000BF0C3740
S32508008090BD465DF8047B704780B483B000AF786000BF0C37BD465DF8047B704780B582B04F
S325080080B000AF78607B68002B01D1012342E07B6893F84130DBB2002B06D17B68002283F807
S325080080D040207868F9F714FD7B68242283F841207B681B68DA687B681B6822F40052DA608C
S325080080F0786800F07FFD7B681B681A697B681B6822F490421A617B681B685A697B681B68D5
S3250800811022F02A025A617B681B68DA687B681B6842F40052DA607B6800225A647B68202290
S3250800813083F841207B68202283F842207B6800225A63002318460837BD4680BD80B58AB012
S3250800815002AFF860B9603B601346FB8000237B61FB6893F84130DBB2202B75D1BB68002BA6
S3250800817002D0FB88002B01D101236EE0FB6800225A64FB68212283F84120FCF783F9786110
S32508008190FB68FA889A84FB68FA88DA84FB689B68B3F5805F08D1FB681B69002B04D10023AB
S325080081B0FB61BB68BB6103E0BB68FB610023BB612EE03B6800937B6900228021F86800F02A
S325080081D01DFB0346002B05D0FB68202283F8412003233AE0FB69002B0BD1BB691B881A46CD
S325080081F0FB681B68C2F308025A60BB690233BB6107E0FB691A78FB681B685A60FB69013378
S32508008210FB61FB68DB8C9BB2013B9AB2FB68DA84FB68DB8C9BB2002BCBD13B6800937B698C
S3250800823000224021F86800F0E9FA0346002B05D0FB68202283F84120032306E0FB682022EF
S3250800825083F84120002300E0022318462037BD4680BD000080B5BAB000AF78607B681B687B
S325080082701B68C7F8E4307B681B68DB68C7F8E0307B681B685B69C7F8DC300023C7F8D83033
S325080082900023C7F8D430D7F8E43003F00F03C7F8D830D7F8D830002B0FD1D7F8E43003F073
S325080082B02003002B09D0D7F8E03003F02003002B03D0786800F0D7FB73E2D7F8D830002B8D
S325080082D000F0DE80D7F8DC3003F00103002B06D1D7F8E03003F49073002B00F0D180D7F84A
S325080082F0E43003F00103002B0BD0D7F8E03003F48073002B05D07B685B6C43F001027B68C3
S325080083105A64D7F8E43003F00403002B0BD0D7F8DC3003F00103002B05D07B685B6C43F0EF
S3250800833002027B685A64D7F8E43003F00203002B0BD0D7F8DC3003F00103002B05D07B68E4
S325080083505B6C43F004027B685A64D7F8E43003F00803002B11D0D7F8E03003F02003002B51
S3250800837005D1D7F8DC3003F00103002B05D07B685B6C43F008027B685A647B685B6C002BDA
S3250800839000F00A82D7F8E43003F02003002B08D0D7F8E03003F02003002B02D0786800F085
S325080083B062FB7B681B685B6903F04003402B0CBF01230023DBB2C7F8D4307B685B6C03F078
S325080083D00803002B03D1D7F8D430002B4FD0786800F06DFA7B681B685B6903F04003402B56
S325080083F041D17B681B681433C7F89C30D7F89C3053E8003FC7F89830D7F8983023F040038C
S32508008410C7F8D0307B681B681433D7F8D020C7F8A820C7F8A430D7F8A410D7F8A82041E8B6
S325080084300023C7F8A030D7F8A030002BD9D17B68DB6B002B13D07B68DB6B8A4A1A657B6862
S32508008450DB6B1846FDF755F80346002B16D07B68DB6B1B6D7A68D26B104698470EE07868EC
S3250800847000F0B6F90AE0786800F0B2F906E0786800F0AEF97B6800225A648DE100BF8BE121
S325080084907B681B6B012B40F06781D7F8E43003F01003002B00F06081D7F8E03003F0100347
S325080084B0002B00F059810023BB607B681B681B68BB607B681B685B68BB60BB687B681B689A
S325080084D05B6903F04003402B40F0CE807B68DB6B1B685B68A7F8BE30B7F8BE30002B00F0E7
S325080084F0A9807B689B8DB7F8BE209A4280F0A2807B68B7F8BE20DA857B68DB6BDB69B3F54B
S32508008510807F00F088807B681B680C33C7F88830D7F8883053E8003FC7F88430D7F8843033
S3250800853023F48073C7F8B8307B681B680C33D7F8B820C7F89420C7F89030D7F89010D7F8F0
S32508008550942041E80023C7F88C30D7F88C30002BD9D17B681B6814337B677B6F53E8003F2F
S325080085703B673B6F23F00103C7F8B4307B681B681433D7F8B420C7F88020FB67F96FD7F88F
S32508008590802041E80023BB67BB6F002BE1D17B681B6814333B663B6E53E8003FFB65FB6D6F
S325080085B023F04003C7F8B0307B681B681433D7F8B020FA66BB66B96EFA6E41E800237B661F
S325080085D07B6E002BE3D17B68202283F842207B6800221A637B681B680C33FB64FB6C53E88B
S325080085F0003FBB64BB6C23F01003C7F8AC307B681B680C33D7F8AC20BA657B65796DBA6DCB
S3250800861041E800233B653B6D002BE3D17B68DB6B1846FCF7FEFE7B6802225A637B689A8D85
S325080086307B68DB8D9BB2D31A9BB21946786800F0D9F8B3E07B689B8DB7F8BE209A4240F013
S32508008650AD807B68DB6BDB69B3F5807F40F0A6807B6802225A637B689B8D1946786800F067
S32508008670C1F89BE0858900087B689A8D7B68DB8D9BB2D31AA7F8CE307B68DB8D9BB2002BA3
S3250800869000F08E80B7F8CE30002B00F089807B681B680C33BB63BB6B53E8003F7B637B6BC6
S325080086B023F49073C7F8C8307B681B680C33D7F8C8207A643B64396C7A6C41E80023FB63BD
S325080086D0FB6B002BE3D17B681B6814337B627B6A53E8003F3B623B6A23F00103C7F8C43042
S325080086F07B681B681433D7F8C4203A63FB62F96A3A6B41E80023BB62BB6A002BE3D17B68AA
S32508008710202283F842207B6800221A637B681B680C333B613B6953E8003FFB60FB6823F06A
S325080087301003C7F8C0307B681B680C33D7F8C020FA61BB61B969FA6941E800237B617B69FD
S32508008750002BE3D17B6802225A63B7F8CE301946786800F047F823E0D7F8E43003F08003E1
S32508008770002B09D0D7F8E03003F08003002B03D0786800F010F914E0D7F8E43003F040039E
S32508008790002B0ED0D7F8E03003F04003002B08D0786800F050F904E000BF02E000BF00E05D
S325080087B000BFE837BD4680BD80B483B000AF786000BF0C37BD465DF8047B704780B483B098
S325080087D000AF786000BF0C37BD465DF8047B704780B483B000AF786000BF0C37BD465DF81C
S325080087F0047B704780B483B000AF78600B467B8000BF0C37BD465DF8047B704780B586B0F0
S3250800881000AFF860B9603B601346FB713BE03B6AB3F1FF3F37D0FBF735FE02463B68D31A14
S325080088303A6A9A4202D33B6A002B01D103233AE0FB681B68DB6803F00403002B23D0BB687F
S32508008850802B20D0BB68402B1DD0FB681B681B6803F00803082B16D100237B61FB681B687E
S325080088701B687B61FB681B685B687B617B69F86800F01DF8FB6808225A64FB68002283F862
S32508008890402001230FE0FB681B681A68BB681340BA689A420CBF01230023DBB21A46FB79F8
S325080088B09A42B4D0002318461837BD4680BD80B495B000AF78607B681B680C337B637B6BC1
S325080088D053E8003F3B633B6B23F49073FB647B681B680C33FA6C3A64FB63F96B3A6C41E809
S325080088F00023BB63BB6B002BE5D17B681B6814333B623B6A53E8003FFB61FB6923F00103D2
S32508008910BB647B681B681433BA6CFA62BB62B96AFA6A41E800237B627B6A002BE5D17B6875
S325080089301B6B012B19D17B681B680C33FB60FB6853E8003FBB60BB6823F010037B647B687A
S325080089501B680C337A6CBA617B617969BA6941E800233B613B69002BE5D17B68202283F848
S3250800897042207B6800221A6300BF5437BD465DF8047B704780B584B000AF78607B689B6B44
S32508008990FB60FB680022DA85F868FFF721FF00BF1037BD4680BD80B485B000AF78607B68EB
S325080089B093F84130DBB2212B3ED17B689B68B3F5805F14D17B681B69002B10D17B681B6A88
S325080089D0FB60FB681B881A467B681B68C2F308025A607B681B6A9A1C7B681A6208E07B6891
S325080089F01B6A591C7A6811621A787B681B685A607B68DB8C9BB2013B9BB27A681946D184A2
S32508008A10002B0FD17B681B68DA687B681B6822F08002DA607B681B68DA687B681B6842F011
S32508008A304002DA60002300E0022318461437BD465DF8047B704780B582B000AF78607B686C
S32508008A501B68DA687B681B6822F04002DA607B68202283F841207868FFF7A6FE0023184643
S32508008A700837BD4680BD80B58CB000AF78600023FB620023BB627B6893F84230DBB2222BE7
S32508008A9040F0AA807B689B68B3F5805F15D17B681B69002B11D17B689B6ABB627B681B682C
S32508008AB05B689BB2C3F308039AB2BB6A1A807B689B6A9A1C7B689A6224E07B689B6AFB62F6
S32508008AD07B689B68B3F5805F07D07B689B68002B0AD17B681B69002B06D17B681B685B68B6
S32508008AF0DAB2FB6A1A7008E07B681B685B68DBB203F07F03DAB2FB6A1A707B689B6A5A1CF1
S32508008B107B689A627B68DB8D9BB2013B9BB27A681946D185002B5DD17B681B68DA687B68BC
S32508008B301B6822F02002DA607B681B68DA687B681B6822F48072DA607B681B685A697B68CA
S32508008B501B6822F001025A617B68202283F842207B6800225A637B681B6B012B35D17B6862
S32508008B7000221A637B681B680C337B617B6953E8003F3B613B6923F010037B627B681B68B0
S32508008B900C337A6A3A62FB61F9693A6A41E80023BB61BB69002BE5D17B681B681B6803F04D
S32508008BB01003102B0AD10023FB607B681B681B68FB607B681B685B68FB60FB687B689B8DBA
S32508008BD019467868FFF70EFE02E07868FFF7F6FD002302E0002300E0022318463037BD4696
S32508008BF080BD00002DE9B04FC0B000AFC7F8F400D7F8F4301B681B6923F44050D7F8F4309F
S32508008C10D968D7F8F4301A6840EA01031361D7F8F4309A68D7F8F4301B691A43D7F8F43022
S32508008C305B691A43D7F8F430DB691343C7F8F830D7F8F4301B68DB6823F4164121F00C013C
S32508008C50D7F8F4301A68D7F8F8300B43D360D7F8F4301B685B6923F44070D7F8F430996913
S32508008C70D7F8F4301A6840EA01035361D7F8F4301A688F4B9A4205D0D7F8F4301A688D4B32
S32508008C909A4204D1FDF7C2FAC7F8FC0003E0FDF7A9FAC7F8FC00D7F8F430DB69B3F5004F37
S32508008CB040F00C81D7F8FC300022C7F8E830C7F8EC20D7E93A4522462B469118B9655B419F
S32508008CD0FB65D7E91623214612EB0108294643EB01094FF000024FF000034FEAC90343EA54
S32508008CF058734FEAC80290469946234618EB0303C7F8E0302B4649EB0303C7F8E430D7F845
S32508008D10F4305B680022C7F8D830C7F8DC20D7E936120B46DB183B65134642EB03037B6552
S32508008D30D7E91423D7E93801F7F736FF02460B46614BA3FB02235B091C01D7F8FC3000225C
S32508008D50C7F8D030C7F8D420D7E9348942464B469118B9645B41FB64D7E91223414612EBB3
S32508008D70010A494643EB010B4FF000024FF000034FEACB0343EA5A734FEACA0292469B46BF
S32508008D9043461AEB0303C7F8C8304B464BEB0303C7F8CC30D7F8F4305B680022C7F8C0305B
S32508008DB0C7F8C420D7E930120B46DB183B64134642EB03037B64D7E91023D7E93201F7F7CE
S32508008DD0EBFE02460B4611463B4BA3FB01235B09642202FB03F3CB1ADB0003F13202364B0E
S32508008DF0A3FB02235B095B0003F4F8731C44D7F8FC300022C7F8B830C7F8BC20D7E92E893B
S32508008E1042464B469118B9635B41FB63D7E90E2341465118396349464B417B634FF00002A5
S32508008E304FF00003D7E90CAB5946CB00514643EA51735146CA0010461946034642469B18CF
S32508008E50C7F8B0304B460A4642EB0303C7F8B430D7F8F4305B680022C7F8A830C7F8AC20A4
S32508008E70D7E92A120B46DB18BB62134642EB0303FB62D7E90A23D7E92C01F7F78DFE0246F3
S32508008E900B460D4BA3FB02135B09642101FB03F3D31ADB003233084AA2FB03235B0903F0E4
S32508008EB00702D7F8F4301B6822449A6006E100BF00100140001401401F85EB51D7F8FC308E
S32508008ED00022C7F8A030C7F8A420D7E9288942464B46911839625B417B62D7E90823414687
S32508008EF05418494643EB01054FF000024FF00003EB0043EA5473E20014461D464346E318A0
S32508008F10C7F898304B4645EB0303C7F89C30D7F8F4305B680022C7F89030C7F894204FF051
S32508008F3000024FF00003D7E9244529468B00214643EA917321468A00D7E92601F7F72CFE24
S32508008F5002460B46604BA3FB02235B091C01D7F8FC300022C7F88830C7F88C20D7E9228901
S32508008F7042464B469118B9615B41FB61D7E9062341465118396149464B417B614FF0000254
S32508008F904FF00003D7E904AB5946CB00514643EA51735146CA0010461946034642469B1876
S32508008FB0C7F880304B460A4642EB0303C7F88430D7F8F4305B680022BB67FA674FF0000201
S32508008FD04FF00003D7E91E8949468B00414643EA917341468A00D7E92001F7F7DDFD0246F6
S32508008FF00B461146384BA3FB01235B09642202FB03F3CB1A1B013233334AA2FB03235B097F
S3250800901003F0F0031C44D7F8FC3000223B677A67D7E91C8942464B469118B9605B41FB6015
S32508009030D7E9022341465118396049464B417B604FF000024FF00003D7E900AB5946CB0056
S32508009050514643EA51735146CA0010461946034642469B18BB664B460A4642EB0303FB663A
S32508009070D7F8F4305B6800223B667A664FF000024FF00003D7E9188949468B00414643EAC7
S32508009090917341468A00D7E91A01F7F785FD02460B460D4BA3FB02135B09642101FB03F3D3
S325080090B0D31A1B013233084AA2FB03235B0903F00F02D7F8F4301B6822449A6000BF07F516
S325080090D08077BD46BDE8B08F1F85EB512DE9FF4757EC106B002F0C4619463B46BBBF07F1C7
S325080090F000431F4600232D230B700D9BDDF830A0914623F02008BCBF32461646B8F1460F10
S3250800911005D0B8F1450F00D10134022100E0032103AB019302AB009347EC106B5346224601
S3250800913000F04AFFB8F1470F054619D119F0010F0ED000EB04090022002330463946F7F78D
S32508009150BBFC08B1CDF80C903022039B4B451ED3039B0E9A5B1B2846136004B0BDE8F08742
S32508009170B8F1460F00EB0409E5D10378302B0AD10022002330463946F7F79EFC18B9C4F12C
S325080091900104CAF80040DAF800309944D3E7591C03911A70D9E7F7B50029BABF49422D2395
S325080091B02B2309290270437029DD0DF107031D460A271A46B1FBF7F607FB1614303402F8C7
S325080091D0014C0C46632C03F1FF333146F1DC3031941E03F8011C411C2346AB420AD30DF120
S325080091F009039B1AAC4288BF002302330344181A03B0F0BD13F8016B01F8016FEDE7302323
S3250800921030318370C170031DF1E700002DE9F04F8DB00C46DDF8588016461F46054600F026
S32508009230BDFD036804931846F7F71AF800230A93D8F800300590073323F0070303F108024C
S3250800925094F818A0D4F800B0C8F80020D3E9008929F000430793CDF81880C4E91289DDE9AA
S3250800927006019C4B4FF0FF32F7F758FC70BBDDE90601984B4FF0FF32F7F732FC30BB0022BC
S32508009290002340464946F7F721FC10B12D2384F84330914A914BBAF1470F8CBF90469846B6
S325080092B0032323612BF0040323604FF00009009733460BAA2146284600F0D2F9013040F043
S325080092D08D804FF0FF300DB0BDE8F08F42464B4640464946F7F722FC40B14B46002BBCBFB2
S325080092F02D2384F843307E4A7E4BD4E763680AF0DF0206925A1C3BD1062363604BF48062F8
S325080093100023226003930AABCDE901A309AB0093616849EC108B0DF123032846FFF7D6FEA9
S32508009330069B0999472B804629D1C81C02DB6368994241DDAAF1020A5FFA8AFA01395246BF
S3250800935004F150000991FFF726FF0A9A1318012A8146236102DC2268D20701D501332361E1
S325080093709DF82330002BA2D02D2384F843309EE7069A472AC2D1002BC0D10123BDE7BAF1B3
S32508009390650FDBD9BAF1660F18D1002963680BDD216113B92268D00702D501330B44236115
S325080093B0A1654FF00009DBE713B92268D20701D50233F4E70123F2E74FF0670A0A9B99423D
S325080093D005DB23682161D807EAD54B1CE7E70029D4BFC1F1020201221344E0E723685A0512
S325080093F007D42369424631462846B84701302BD167E7BAF1650F40F2DD80D4E91201002261
S325080094100023F7F759FB002833D0374A012331462846B84701303FF454AFDDE9093843451F
S3250800943002DB2368D8070FD5DDE9042331462846B84701303FF445AF4FF0000908F1FF3842
S3250800945004F11A0AC84509DC23689B0700F10381E0680B9B9842B8BF184634E701235246CD
S3250800947031462846B84701303FF42BAF09F10109E8E7099B002B39DC1B4A01233146284687
S32508009490B84701303FF41DAFDDE9093959EA030302D12368D907D7D5DDE904233146284672
S325080094B0B84701303FF40DAF4FF0000A04F11A0B099B5B42534501DC4B4693E701235A4687
S325080094D031462846B84701303FF4FBAE0AF1010AEEE700BFFFFFEF7F5CC4000858C400082B
S325080094F064C4000860C4000868C40008A36DDDF828A05345A8BF5346002B994636DC4FF01E
S32508009510000B29EAE97904F11A02A36D0693A3EB09035B4531DC099B9A453ADC2368DA07A7
S3250800953037D4099BAAEB0309069BAAEB03039945A8BF9946B9F1000F33DC4FF0000829EA3B
S32508009550E97904F11A0B099BAAEB0303A3EB090343457FF779AF01235A4631462846B847CA
S3250800957001303FF4AEAE08F10108ECE7424631462846B8470130C2D1A3E601233146284676
S325080095900692B84701303FF49CAE069A0BF1010BBBE7DDE9042331462846B8470130C0D18B
S325080095B08FE6069A4B46424431462846B8470130C3D186E6DDF828A0BAF1010F01DCDB0735
S325080095D036D50123424631462846B84701303FF478AEDDE9042331462846B84701303FF413
S325080095F070AED4E91201002200230AF1FF3AF7F763FAC0B9534608F1010231462846B847A9
S3250800961001300CD15DE601235A4631462846B84701303FF456AE08F10108D045F3DB4B4655
S3250800963004F15002DFE64FF0000804F11A0BF4E701234246E1E701234A4631462846B847B8
S3250800965001303FF43EAE08F10108E3680B995B1A4345F0DCFCE64FF0000804F11909F4E7C7
S325080096702DE9F047164698468A680B69DDF820909342B8BF1346336091F8432007460C4697
S325080096900AB1013333602368990642BF336802333360256815F0060506D104F1190AE368C5
S325080096B032689B1AAB4226DC94F843302268003B18BF012392062BD404F1430241463846B9
S325080096D0C84701301ED02368226903F00603042B02BFE5683368ED1AA3680CBF25EAE5750E
S325080096F000259342C4BF9B1AED1800261A34B5421AD1002008E00123524641463846C847E7
S32508009710013003D14FF0FF30BDE8F0870135C6E7E1185A1C302081F84300224494F84510F7
S3250800973082F843100233C7E70123224641463846C8470130E6D00136D9E700002DE9FF4781
S325080097500F7E0C9E782F914680460C469A4601F1430207D8622F0AD8002F00F0D180582FBE
S3250800977000F0B88004F1420684F842703AE0A7F16303152BF6D801A151F823F0E597000890
S32508009790F997000875970008759700087597000875970008F9970008759700087597000803
S325080097B07597000875970008F798000823980008B1980008759700087597000819990008D6
S325080097D075970008239800087597000875970008B998000833681A1D1B68326004F14206EF
S325080097F084F8423001239CE033682068191D3160060601D51D6803E04506FBD5B3F9005072
S32508009810002D03DA2D236D4284F8433058480A2311E021683368080653F8045B02D4490673
S3250800983048BFADB26F2F5248336014BF0A230823002184F843106668A660002E05DB216853
S325080098502E4321F0040121604BD01646B5FBF3F103FB1157C75D06F8017D2F46BB420D460C
S32508009870F4D9082B0BD12368DF0708D5236961689942DEBF302306F8013C06F1FF36921B6C
S325080098902261CDF800A04B4603AA21464046FFF7E7FE01304AD14FF0FF3004B0BDE8F08732
S325080098B0236843F0200323603248782784F84570236831681F0651F8045B02D45F0648BFA9
S325080098D0ADB23160D90744BF43F0200323601DB11023ADE72648E9E7236823F020032360A7
S325080098F0F6E71646BDE7336825686169181D30602E061B6801D5196002E06806FBD51980F7
S32508009910002323611646BCE733681A1D32601E68626800213046F6F753FC08B1801B6060E8
S3250800993063682361002384F84330AAE72369324649464046D0470130ADD023689B0713D425
S32508009950E068039B9842B8BF1846A6E70123324649464046D04701309DD00135E368039944
S325080099705B1AAB42F2DCEBE7002504F11906F5E76AC400087BC40008002310B50446C0E95A
S325080099900033C0E90433836081814366C2818361194608225C3000F0F9F90D4B63620D4B75
S325080099B0A3620D4BE3620D4B23630D4B24629C4206D003F16802944202D0D0339C4205D1BA
S325080099D004F15800BDE8104000F05CBA10BD00BFED9B00080F9C0008479C00086B9C000858
S325080099F02C150020024A0349034800F069B800BF30000020E9B700084000002041680C4BDD
S32508009A10994210B5044601D001F0E6FEA168094B994202D0204601F0DFFEE168064B9942E5
S32508009A3004D02046BDE8104001F0D6BE10BD00BF2C15002094150020FC15002010B50B4B52
S32508009A500B4C0C4A1A60204600220421FFF794FF04F1680001220921FFF78EFF04F1D00099
S32508009A700222BDE810401221FFF786BF641600202C150020F5990008014800F004BA00BFFA
S32508009A906D160020014800F0FFB900BF6D16002010B50446FFF7F0FF236A1BB1BDE8104070
S32508009AB0FFF7F0BF044B2362044B1B68002BF5D1FFF7C4FFF2E700BF0D9A000864160020B2
S32508009AD02DE9F8430746884614460026D4E90195B9F1010905D52468002CF7D13046BDE800
S32508009AF0F883AB89012B07D9B5F90E30013303D029463846C04706436835E9E70FB407B571
S32508009B10064904AB086853F8042B8168019301F0C7FC03B05DF804EB04B070473C00002050
S32508009B30036A70B5846805460E460BB9FFF7B0FF636EDB0705D4A389980502D4A06D00F059
S32508009B50A2F9A389190702D52369002B35D12146284600F0C5F880B34FF0FF35636EDA0792
S32508009B7005D4A3899B0502D4A06D00F08DF9284670BD002B04DAA2699A4217DC0A2915D033
S32508009B9023685A1C22601970A36816F8011F013BA3600029EDD1002B11DA22460A21284625
S32508009BB000F05FF80130D7D00A25D7E72246284600F057F80130E7D1CEE7013EE4E7236833
S32508009BD05A1C22600A221A70EEE70000024B01461868FFF7A5BF00BF3C00002010B50C4644
S32508009BF0B1F90E1000F000F90028ABBF636DA3891B1823F48053ACBF6365A38110BD2DE9B1
S32508009C10F0411F468B89DB0505460C46164605D5B1F90E100223002200F0D4F8A389B4F925
S32508009C300E1023F48053A38132463B462846BDE8F04100F0EBB810B50C46B1F90E1000F03B
S32508009C50C1F8431CA38915BF606523F4805343F48053A38118BFA38110BDB1F90E1000F071
S32508009C70A1B8F8B50E461446054618B1036A0BB9FFF70EFFA369A360A3891A0701D523690C
S32508009C9043B92146284600F02BF818B14FF0FF373846F8BD23682269981A6369F6B2834250
S32508009CB0374605DC2146284601F096FD0028EDD1A368013BA36023685A1C22601E706269C3
S32508009CD0431C9A4204D0A389DB07E1D50A2EDFD12146284601F080FD0028D9D0D6E70000DA
S32508009CF038B5294B054618680C4618B1036A0BB9FFF7CEFEB4F90C30190722D4DA0607D452
S32508009D1009222A6043F04003A3814FF0FF3033E0580712D5616B41B104F14403994202D068
S32508009D30284600F019FF00236363A38923F02403A3810023636023692360A38943F00803BD
S32508009D50A38123694BB9A38903F42073B3F5007F03D02146284601F08DFDB4F90C3013F045
S32508009D7001020AD00022A26062695242A261226942B913F08000C5D138BD990758BF62694C
S32508009D90A260F4E70020F7E73C00002002440346934200D1704703F8011BF9E7004870478C
S32508009DB07C01002038B5064D0023044608462B60F8F71EF8431C02D12B6803B1236038BD6C
S32508009DD06816002038B5074D04460846114600222A601A46F8F733F8431C02D12B6803B1F8
S32508009DF0236038BD6816002038B5074D04460846114600222A601A46F7F7C1FF431C02D113
S32508009E102B6803B1236038BD6816002038B5074D04460846114600222A601A46F7F7CCFFD2
S32508009E30431C02D12B6803B1236038BD68160020014B1868704700BF3C00002070B50D4D58
S32508009E500D4C641BA4100026A64209D10B4D0C4C01F02EFE641BA4100026A64205D170BD5F
S32508009E7055F8043B98470136EEE755F8043B98470136F2E7D4C70008D4C70008D4C70008E9
S32508009E90D8C700087047704770470A44914200F1FF3300D1704710B511F8014B03F8014FA7
S32508009EB09142F9D110BD2DE9F74F03690C69A34207467EDB013C01F11408A30000F114055A
S32508009ED0009305EB8403019358F8243055F8242001339A4208EB8409B2FBF3F62ED34FF02B
S32508009EF0000AC446AE46D3465CF8043B98B206FB00A0020C1B0C06FB0323DEF8002080B221
S32508009F1092B2121A5A44DEF800004FEA134A9BB2C3EB224303EB104392B242EA0342E1452D
S32508009F304EF8042B4FEA234BDED2009BEB582BB9019B043B9D421A462FD33C61384601F04D
S32508009F507DF9002825DB2946002058F8042BD1F800C01FFA82FE1FFA8CF3A3EB0E03034497
S32508009F70120CC2EB234202EB1C429BB243EA0243C14541F8043B4FEA2240E6D255F8242027
S32508009F9005EB840322B9043B9D421A460BD33C610136304603B0BDE8F08F1268043B002AF1
S32508009FB0CBD1013CC6E71268043B002AEFD1013CEAE70020EEE700002DE9F04FC76997B08B
S32508009FD08DED040B55EC104B209E079181460C9211937FB9102000F009FE0246C9F81C005B
S32508009FF020B9A94BEF21A94801F0B2FCC0E901770760C760D9F81C30196859B15A684A6013
S3250800A010012393408B60484600F0E6FED9F81C3000221A602B1EB9BF23F000430593002353
S3250800A0303360059F9A4BBCBF01223260BB4312D1119A42F20F731360C7F31303234300F0DB
S3250800A0505A85219BDFF85CA2002B00F05C850AF1030300F056BD9DED047B002251EC170BE8
S3250800A07000238DED0A7BF6F727FD804658B1119A01231360219B13B1219A864B1360DFF828
S3250800A09028A200F040BD9DED0A0B14AA15A9484601F084F9C7F30A560290002E78D00B9B0C
S3250800A0B0CDF84880C3F31303DDE90A0143F07F5343F44013A6F2FF3619460022764BF6F7CD
S3250800A0D0DBF86BA3D3E90023F6F78EFA6AA3D3E90023F6F7D3F8044630460D46F6F71AFA75
S3250800A0F067A3D3E90023F6F77FFA02460B4620462946F6F7C3F804460D46F6F725FD00220F
S3250800A1100746002320462946F6F7E0FC40B13846F6F700FA22462B46F6F7CEFC00B9013F34
S3250800A130162F52D85D4B03EBC703D3E90023DDE90A01F6F7CBFC002849D0013F0023109387
S3250800A150149B9B1B5A1E45BFC3F10103009300230023069254BF00930693002F39DB069BB4
S3250800A1700D973B44069300230893079B092B63D8052BC4BF043B0793079BA3F10203CCBFE4
S3250800A19000240124032B63D8DFE803F05254372BDDE914631E4406F23243202BC1BFC3F1A2
S3250800A1B040039F4006F2124324FA03F3D6BFC3F1200347EA030004FA03F0F6F79BF90122C9
S3250800A1D0A1F1F873013E129276E70123B7E71090B6E7009BDB1B00937B42089300230D93E6
S3250800A1F0C3E7012309930C9B07EB030B0BF10103012B0393B8BF012306E0012309930C9B86
S3250800A210002B28DD9B460393D9F81C000021042202F114059D4226D94160484600F09CFDA3
S3250800A2308246002842D11E4B024640F2AF11DAE60023E3E70023D5E701240023079309944F
S3250800A2504FF0FF3B0022CDF80CB012230C92DBE701230993F4E74FF0010BCDF80CB05B4627
S3250800A270CDF830B0D0E701315200D1E7AFF3008061436F63A787D23FB3C8608B288AC63F34
S3250800A290FB799F501344D33F99C40008B0C400080000F07F69C400080000F83F00C600084A
S3250800A2B008C5000895C4000868C40008D9F81C301860039B0E2B00F2A180002C00F09E805D
S3250800A2D0002F33DD9C4B07F00F0203EBC20393ED007BF8058DED0E7B4FEA271416D5974B43
S3250800A2F0DDE90A01D3E90823F6F7A8FACDE9040104F00F040326914D54B9DDE90E23DDE966
S3250800A3100401F6F79BFACDE9040128E00226F2E7E10708D5DDE90E01D5E90023F6F764F90F
S3250800A330CDE90E01013664100835E5E700F0AF807C42814B814D04F00F0203EBC203D3E99B
S3250800A3500023DDE90A01F6F74FF9CDE90401241100230226002C40F08F80002BD3D1109B96
S3250800A370DDE90445002B00F09480754B002220462946F6F7ABFB002800F08B80039B002B4B
S3250800A39000F08780BBF1000F34DD20466D4B00222946F6F729F9CDE9040107F1FF380136FD
S3250800A3B05C463046F6F7B6F8DDE90423F6F71CF9654B0022F5F762FF0546A1F15076002CEF
S3250800A3D06AD1DDE90401614B0022F5F755FF02460B46CDE904232A463346F6F795FB002847
S3250800A3F040F09882DDE904012A4606F10043F6F76DFB38BBDDE90A34CDE90434159B002B6B
S3250800A410C0F257810E2F00F354814B4B03EBC70393ED007B0C9B002B8DED007B80F2E580A8
S3250800A430039B002B00F3E1800CD1484B002251EC170BF6F7D9F8DDE90423F6F75BFB0028DA
S3250800A45000F06682002425460C9B56466FEA030800272146484600F0BFFC002D00F0BD80AF
S3250800A4702FB1AF4203D03946484600F0B5FC2946484600F0B1FCB0E0E20705D5D5E900239E
S3250800A490F6F7B2F8013601236410083562E7022665E7039CB84684E7274B099903EBC4036D
S3250800A4B053E902235444002954D029490020F6F7C5F933462A46F5F7DFFECDE90E015646E8
S3250800A4D0DDE90401F6F740FB0546F6F723F802460B46DDE90401F5F7CFFE303502460B46FD
S3250800A4F0CDE9042306F8015BDDE90E23F6F7EEFA002872D1DDE9042311490020F5F7BCFEC3
S3250800A510DDE90E23F6F7E2FA002840F0B480A6423FF470AFDDE90E010A4B0022F6F764F802
S3250800A530084BCDE90E010022DDE90401F6F75CF8CDE90401C4E700BF00C60008D8C500081F
S3250800A5500000F03F0000244000001C40000014400000E03F31462846F6F746F8CDE90E01A6
S3250800A57013945646DDE90401F6F7EEFA0546F5F7D1FF02460B46DDE90401F5F77DFE3035A3
S3250800A59006F8015B02460B46A642CDE904234FF0000224D1AF4BDDE90E01F5F76FFE02463F
S3250800A5B00B46DDE90401F6F7AFFA002863D1DDE90E23A8490020F5F75FFE02460B46DDE9BF
S3250800A5D00401F6F783FA00283FF414AF139E731E139316F8013C302BF8D047463BE09E4BE9
S3250800A5F0F6F702F8CDE90401BCE7DDE904455646DDE9002320462946F6F720F9F6F7A4FAFE
S3250800A6108046F5F787FFDDE90023F5F7EDFF02460B462046294608F13004F5F72DFE06F873
S3250800A630014B039DA6EB0A04A54202460B4633D1F5F724FEDDE9002304460D46F6F764FA0E
S3250800A650C0B9DDE9002320462946F6F735FA10B118F0010F0ED10299484600F0BDFB0023DD
S3250800A6703370119B01371F60219B002B00F04B821E6048E2B84633461E4613F8012D392AF3
S3250800A69006D19A45F8D1302208F101088AF800201A7801321A70A0E76F4B0022F5F7A4FFE6
S3250800A6B00022002304460D46F6F706FA00289FD0D1E7099A002A00F0EA80079A012A00F378
S3250800A6D0CD80129A002A00F0C18003F23343089C009E009A1A440092069A01211A44484623
S3250800A6F0069200F02DFC054666B1069B002B09DDB342009AA8BF3346D21A0092069AF61ADA
S3250800A710D31A0693089B0BB3099B002B00F0C680002C00F0C08029462246484600F0C8FCBA
S3250800A730029A01460546484600F020FC02998046484600F051FB089B1B1B089300F0B18073
S3250800A750089A4146484600F0B3FC02900121484600F0F6FB0D9B0446002B00F0D8811A469C
S3250800A7700146484600F0A4FC079B012B044600F39F80049B002B40F09780059BC3F31303AF
S3250800A790002B40F09380059B23F000431B0D1B0533B1009B01330093069B01330693012317
S3250800A7B008930D9B002B00F0B881236904EB8303186900F079FBC0F12000069B184410F030
S3250800A7D01F0000F08280C0F12003042B73DD009BC0F11C0003440093069B034406440693EA
S3250800A7F0009B002B05DD02991A46484600F0BAFC0290069B002B05DD21461A46484600F0DF
S3250800A810B1FC0446109B002B61D00298214600F015FD00285BDA002302990A22484600F054
S3250800A830FDFA099B029007F1FF38002B00F07781294600230A22484600F0F0FABBF1000FAA
S3250800A85005466FDC079B022B49DC6BE0149BC3F136033CE70000E03F00002440039B5C1EAB
S3250800A870089BA34209DB1C1B039B002BBFF630AF009B039A9E1A00232BE7089B0D9A0894AF
S3250800A890E31A1A44009E039B0D92002421E7089C009E099D28E7DDF8088051E7089A02996F
S3250800A8B050E7CDF8088051E7002379E7049B77E70023089379E793D0009A1C331A440092E4
S3250800A8D0069A1A441E4406928AE70346F4E7039B002BB84620DC9B46079B022B1EDDBBF1B3
S3250800A8F0000F7FF4B1AD21465B460522484600F095FA01460446029800F0A0FC00287FF7C9
S3250800A910A3AD5646312306F8013B08F101089FE5039CB8462546F4E7DDF80CB0099B002BD6
S3250800A93000F00181002E05DD29463246484600F019FC0546089B002B5CD06968484600F069
S3250800A9500BFA064628B9824B024640F2EF21FFF74ABB2A690232920005F10C010C30FFF7C7
S3250800A97094FA01223146484600F0FCFB0AF1010300930AEB0B030893049B03F001032F46E1
S3250800A99006930546009B0298214603F1FF3BFFF78AFA03463033039039460298099300F08D
S3250800A9B04DFC2A4604902146484600F063FCC268099B064602BB0146029800F03FFC099B61
S3250800A9D00246314648460C92099300F005FA079B0C9A009E42EA0301069B1943099B0DD14E
S3250800A9F0392B27D0049A002A01DD039B31338BF800302EE52846B9E70122E2E704990029B0
S3250800AA1004DB079801430698014320D1002AEEDD029900930122484600F0A4FB2146029027
S3250800AA3000F00CFC0028009B02DCE0D1DA07DED5392BDAD139238BF8003033461E46013BE3
S3250800AA5016F8012C392A4ED001321A7001E5002A03DD392BEED00133C9E7009A089902F834
S3250800AA70013C8A4228D0029900230A22484600F0D5F9AF4202904FF000034FF00A023946F2
S3250800AA90484607D100F0CAF907460546009B0133009377E700F0C2F92946074600230A2271
S3250800AAB0484600F0BBF90546F0E7BBF1000FCCBF5E46012656440027029900930122484673
S3250800AAD000F050FB2146029000F0B8FB0028B4DC02D1009BDB07B0D433461E4613F8012DDF
S3250800AAF0302AFAD0B5E49A45A8D1312308F101088AF80030ADE4219BDFF858A01BB10AF138
S3250800AB100803219A1360504617B0BDE8F08F079B012B7FF72EAE0D9B089301204DE6BBF1FA
S3250800AB30000F7FF7D9AE564602982146FFF7BBF900F1300306F8013BA6EB0A029345B4DD40
S3250800AB50029900230A22484600F068F90290EBE708C500088CC4000838B50546002941D00B
S3250800AB7051F8043C0C1F002BB8BFE41800F0E8F81D4A136833B9636014602846BDE8384005
S3250800AB9000F0E4B8A34208D9206821188B4201BF19685B6809182160EDE71A465B680BB15E
S3250800ABB0A342FAD911685018A0420BD120680144501883421160E0D118685B6853600844C2
S3250800ABD01060DAE702D90C232B60D6E7206821188B4204BF19685B68636004BF0918216017
S3250800ABF05460CAE738BD00BF74160020024B0146186800F025B800BF3C00002070B50F4EF6
S3250800AC100C463168054611B900F092FE30602146284600F08DFE431C03D14FF0FF342046AB
S3250800AC3070BDC41C24F00304A042F8D0211A284600F07EFE0130F2D1EFE700BF70160020E0
S3250800AC502DE9F843CD1C25F0030508350C2D38BF0C25002D064601DBA94204D90C23336002
S3250800AC700020BDE8F883DFF8D48000F069F8D8F800301C4644BB29463046FFF7BFFF431CA1
S3250800AC90044658D1D8F800402746002F43D1002C4BD023683946304604EB030900F048FE6B
S3250800ACB0814542D121686D1A29463046FFF7A6FF01303AD023682B442360D8F800305A6893
S3250800ACD062BBC8F800700FE02268521B20D40B2A17D96119A342256018BF5960636808BF04
S3250800ACF0C8F8001062514B60304600F02FF804F10B00231D20F00700C21A1CBF1B1AA35045
S3250800AD10AFE76268A3420CBFC8F800205A60EBE723466468AEE73C467F68B6E71A465B68A6
S3250800AD30A342FBD100235360DEE70C233360304600F00CF894E70560D6E700BF7416002077
S3250800AD500148FFF7A0B800BF6C1600200148FFF79BB800BF6C16002070B5C66904460D46F9
S3250800AD7076B91020FFF742FF0246E06120B9184B18486B2100F0ECFDC0E901660660C660F9
S3250800AD90E669F36883B1E369DB6853F82500B8B9012101FA05F6721D9200204600F0F6FDC5
S3250800ADB060B1C0E901560EE021220421204600F0EDFDE369F060DB68002BE4D1002070BDC2
S3250800ADD0026843F825200023C0E90333F7E700BF99C4000819C5000870B5C66905460C4690
S3250800ADF076B91020FFF702FF0246E86120B9094B09488F2100F0ACFDC0E901660660C660EB
S3250800AE103CB1EB696268DB6853F82210216043F8224070BD99C4000819C500082DE9F0416C
S3250800AE300D6907460C461E4601F1140C0020DCF8003099B202FB01611E0C0B0C02FB063324
S3250800AE5089B2013001EB034185424CF8041B4FEA1346ECDC0EB3A368AB4219DC61683846BF
S3250800AE700131FFF779FF804628B902460C4B0D48BA2100F06DFD2269023204F10C019200F1
S3250800AE900C30FFF702F821463846FFF7A5FF444604EB850301355E6125612046BDE8F081F1
S3250800AEB008C5000819C50008B0F5803F034636BF030400201020B3F1807F3CBF1B020830CD
S3250800AED0B3F1805F3CBF1B010430B3F1804F3CBF9B000230002B05DB13F0804F00F101007C
S3250800AEF008BF202070470368024613F007000BD0D90721D4980749BF5B089B0801201360C8
S3250800AF105CBF13600220704799B209B91B0C1020D9B209B908301B0A190704BF1B09043063
S3250800AF30990704BF9B080230D90703D45B0800F1010003D0136070470020704720207047E4
S3250800AF5010B50C460121FFF707FF024628B9054B054840F2451100F0FBFC0123446103613C
S3250800AF7010BD00BF08C5000819C500082DE9F04F17460A693B699A42A8BF3B468946A4BFAD
S3250800AF900F4699463D69D9F810A0BB68796805EB0A06B34285B0B8BF0131FFF7DDFE30B9A7
S3250800AFB00246414B41484FF4B17100F0D1FC00F1140404EB860E23460022734520D307F13A
S3250800AFD0140809F1140108EB850501EB8A030293EB1B153B23F0030304331537BD4238BFB5
S3250800AFF004230193029B03918B420CD8002E03DD5EF8043D002B55D0066105B0BDE8F08F61
S3250800B01043F8042BD9E7B1F800A0BAF1000F1FD0C446A14600275CF8042BD9F800301FFA41
S3250800B03082FB9BB20AFB0B333B44D9F80070120C3F0C0AFB027202EB13429BB243EA024342
S3250800B050654549F8043B4FEA1247E4D8019BE750039BB3F802900431B9F1000F20D0236843
S3250800B0704746A4464FF0000AB7F800B0BCF8022009FB0B2252449BB243EA02434CF8043BB4
S3250800B09057F8043B4FEA134ABCF8003009FB0A3303EB1243BD424FEA134AE5D8019AA35026
S3250800B0B004349FE7013EA1E708C5000819C500082DE9F843154612F0030207460E4607D007
S3250800B0D0254C013A002354F82220FFF7A7FE0646AD103DD0FC697CB91020FFF787FD0246B8
S3250800B0F0F86128B91D4B1E4840F2B31100F030FCC0E901440460C460D7F81C80D8F808401F
S3250800B1104CB940F271213846FFF71AFF0023C8F80800044603604FF00009EB070AD5314693
S3250800B13022463846FFF722FF314680463846FFF753FE46466D100BD0206838B922462146C6
S3250800B1503846FFF713FF2060C0F800900446E4E73046BDE8F88300BFCCC5000899C400081B
S3250800B17019C500082DE9F0470C464968236903EB6218A368074691464FEA621A08F10106A3
S3250800B190B3420BDB3846FFF7E7FD054648B90246284B29484FF4EF7100F0DAFB01315B00F1
S3250800B1B0EEE7002300F1140100F110021846534533DB20692AEAEA7A04F1140319F01F092E
S3250800B1D001EB8A0103EB800C2BD0C9F1200E8A460022186800FA09F010434AF8040B53F829
S3250800B1F0042B9C4522FA0EF2F3D8ACEB0403153B23F00303043304F11500604588BF0423DF
S3250800B210CA500AB108F10206013E38462E612146FFF7E2FD2846BDE8F08742F8040F0133A7
S3250800B230C5E7043953F8042B41F8042F9C45F9D8EAE700BF08C5000819C500080A69034668
S3250800B2500069801A30B50ED11433143103EB820401EB820154F8045D51F8042D954203D0C9
S3250800B27005D24FF0FF3030BDA342F3D3FBE70120F9E700002DE9F74F894606461146484694
S3250800B2901446FFF7DBFF051E12D129463046FFF763FD024628B93F4B40F237213E4800F072
S3250800B2B057FB0123C0E90435104603B0BDE8F08FBCBF4B46A1463046D9F80410BABF1C46C2
S3250800B2D001250025FFF748FD024618B9314B40F24521E3E7D9F810702669C56009F11003C1
S3250800B2F009F1140504F1140E00F1140B05EB87080EEB86060193D9464FF0000C019B5EF802
S3250800B310040B53F804AF01931FFA8AF3194683B2CB1A000C6344C0EB1A4000EB23409BB20C
S3250800B33043EA0043764549F8043B4FEA204CE5D8331B153B23F0030315340433A64238BFCC
S3250800B35004231D445B441E462C4644450ED308F10301491B21F00301033DA84538BF0021AD
S3250800B3700B4453F8041D91B117619DE754F8041BE646080C1CFA81FC714400EB2C4089B231
S3250800B39041EA004146F8041B4FEA204CDDE7013FE7E700BF08C5000819C500082DE9F74385
S3250800B3B00F46012159EC108B1646FFF7D5FC044630B90246234B244840F20F3100F0C8FA7C
S3250800B3D0C9F30A55C9F313030DB143F480130193B8F1000323D068460093FFF784FDDDE929
S3250800B3F00012D0B1C0F1200302FA03F30B43C24063610192019BA361002B0CBF0122022252
S3250800B4102261A5B1A5F2334505443D60C0F135003060204603B0BDE8F0836161EAE701A85D
S3250800B430FFF761FD019B636120300122E8E704EB8203A0F2324038601869FFF735FDC0EB94
S3250800B4504210E5E708C5000819C500089368013B002B10B4936008DA9469A34201DB0A2909
S3250800B47003D15DF8044BFEF7FCBB1368581C1060197008465DF8044B7047F8B506460F46AB
S3250800B4901446D518AC4201D1002007E014F8011B3A463046FFF7DAFF431CF3D1F8BD0000BB
S3250800B4B02DE9F04F0D469DB014469846064618B1036A0BB9FEF7ECFA6B6ED90705D4AB895A
S3250800B4D09A0502D4A86DFEF7DEFCAB891B0701D52B699BB929463046FEF702FC70B16B6E0F
S3250800B4F0DC0704D54FF0FF301DB0BDE8F08FAB899805F7D4A86DFEF7C7FCF3E70023099311
S3250800B51020238DF82930CDF80C803023DFF8AC818DF82A304FF0010923469A4613F8012B9C
S3250800B5300AB1252AF9D1BAEB040B0BD05B46224629463046FFF7A1FF013000F0A780099A1B
S3250800B5505A4409929AF80030002B00F09F8000234FF0FF32CDE905230AF1010A04930793F0
S3250800B5708DF853301A935446052214F8011B5348F4F726FE049AD8B9D10644BF20238DF894
S3250800B5905330130744BF2B238DF853309AF800302A2B15D0079A544600204FF00A0C214684
S3250800B5B011F8013B303B092B4BD9B0B1079214E0A0EB080309FA03F313430493A246D2E75A
S3250800B5D0039B191D1B680391002BBBBF5B4242F0020207930793B8BF049223782E2B0AD1DA
S3250800B5F063782A2B32D1039B1A1D1B68039243EAE37302340593DFF8D4A02178032250461D
S3250800B610F4F7DEFD38B1049BA0EB0A004022824013430134049314F8011B29488DF828108D
S3250800B6300622F4F7CDFD00283FD0264B1BBB039B073323F0070308330393099B3B4409930C
S3250800B6506AE70CFB02320C460120A8E700230134059319464FF00A0C204610F8012B303A96
S3250800B670092A03D9002BC6D00591C4E70CFB012104460123F0E703AB00932A46124B04A972
S3250800B6903046FDF7C3FD0746781CD6D16B6ED90705D4AB899A0502D4A86DFEF7F5FBAB8971
S3250800B6B05B063FF51FAF09981EE703AB00932A46054B04A93046FEF741F8E4E772C5000807
S3250800B6D07CC500081D9200088BB4000878C50008B1F90C202DE9F041160705460C4654D4C1
S3250800B6F04B68002B02DC0B6C002B48DDE66A002E45D0002312F480522F68216A2B6030D06E
S3250800B710626DA389590705D56368D21A636B0BB1236CD21A0023E66A216A2846B047431C58
S3250800B730A38906D129681D292BD82A4ACA40D60727D500226260D9042269226004D5421CB2
S3250800B75001D12B6803B96065616B2F60B9B104F14403994202D02846FFF7FEF900236363F3
S3250800B7700DE001232846B0470246501CC9D12B68002BC6D01D2B01D0162B1ED12F6000209B
S3250800B79022E043F040031BB21BE00F69002FF6D093070E6808BF4B690F6018BF0023A6EB59
S3250800B7B007088B60B8F1000FE9DD216AA66A43463A462846B047002808DCB4F90C3043F0C2
S3250800B7D04003A3814FF0FF30BDE8F0810744A8EB0008E7E70100402038B50B6905460C464D
S3250800B7F013B90025284638BD18B1036A0BB9FEF74FF9B4F90C30002BF3D0626ED00704D44A
S3250800B810990502D4A06DFEF73EFB28462146FFF75FFF636EDA070546E4D4A3899B05E1D4FC
S3250800B830A06DFEF731FBDDE770B50C46B1F90E10002996B015461E460DDAA38913F0800FE6
S3250800B8504FF0000114BF40234FF48063002031602B6016B070BD6A4600F048F80028ECDB30
S3250800B870019901F47041A1F50053594259414FF48063EBE78B89F7B59D0706460C4607D576
S3250800B89004F14703236023610123636103B0F0BD01AB6A46FFF7C8FF009F05463946304604
S3250800B8B0FFF7CEF948B9B4F90C309A05EED423F0030343F00203A381E2E7A389206043F045
S3250800B8D08003A381019BC4E904075BB1B4F90E10304600F01DF828B1A38923F0030343F0AC
S3250800B8F00103A381A3891D43A581CFE738B5074D00230446084611462B60F6F785FA431CF1
S3250800B91002D12B6803B1236038BD00BF6816002038B5064D0023044608462B60F6F784FA29
S3250800B930431C02D12B6803B1236038BD6816002038B5064D0023044608462B60F6F78CFA61
S3250800B950431C02D12B6803B1236038BD681600201FB514461A46094B1B680546D8684CB14D
S3250800B970074B0091CDE9013406492B4600F042F800F052F8044B1C46F3E700BF3C00002011
S3250800B9908DC500089AC50008C8C5000870B5A1FB025434B92946FFF753F9064628B93046DB
S3250800B9B070BD0C2202600026F9E72A462146FEF7EDF9F4E782B001B901A942B14BB1137809
S3250800B9D00B601278101E18BF012002B070471046FBE76FF00100F8E70346084641B1FF2A9C
S3250800B9F004D98A221A604FF0FF3070470A700120704700000EB403B5014603AB054853F8A8
S3250800BA10042B00680193FFF74BFD02B05DF804EB03B070473C00002008B5062000F02CF8EC
S3250800BA300120F6F7A1F91F2938B505460C4604D9162303604FF0FF3038BDC26B12B152F858
S3250800BA5021304BB9284600F031F8224601462846BDE8384000F018B8012B0AD0591C03D1A3
S3250800BA70162303600120E7E7002142F82410204698470020E0E70000024B01461868FFF758
S3250800BA90D2BF00BF3C00002038B5074D00230446084611462B60F6F757F9431C02D12B68FC
S3250800BAB003B1236038BD00BF68160020F6F744B9F8B500BFF8BC08BC9E467047F8B500BF0A
S30D0800BAD0F8BC08BC9E4670474D
S3250800BAD85B4D43414C5D2057323551313620466C61736820E8AF86E588ABE68890E58A9F66
S3250800BAF8000000005B4D43414C5D2057323551313620466C61736820E8AF86E588ABE5A4C9
S3250800BB18B1E8B4A50000000074656D70657261747572653A20252E326620E284830D0A00FA
S3250800BB385B43414E5D20E6BBA4E6B3A2E599A8E9858DE7BDAEE5A4B1E8B4A52100000000A6
S3250800BB585B43414E5D20E6BBA4E6B3A2E599A8E9858DE7BDAEE5AE8CE68890EFBC8CE68E5A
S3250800BB78A5E694B6E68980E69C89E6B688E681AF000000005B43414E5D2043414E31E5887C
S3250800BB989DE5A78BE58C962E2E2E00005B43414E5D20E590AFE58AA8E5A4B1E8B4A52100B9
S3250800BBB85B43414E5D2043414E31E590AFE58AA8E68890E58A9F00005B43414E5D20E5904C
S3250800BBD8AFE794A8E68EA5E694B6E4B8ADE696ADE5A4B1E8B4A521005B43414E5D20E68EF8
S3250800BBF8A5E694B6E4B8ADE696ADE5B7B2E590AFE794A8005B43414E5D20E58F91E98081AA
S3250800BC18E5A4B1E8B4A521202849443A2030782530336C58290A00005B43414E5D20E7ADCE
S3250800BC3889E5BE85E68EA5E694B62E2E2E2028E5B7B2E694B620256C7520E5B8A7290A00D7
S3250800BC585B43414E5D20E59B9EE698BEE6A8A1E5BC8F2028E58F9120256C752C20E694B66C
S3250800BC7820256C75290A00005B43414E5D20E58887E68DA2E6B58BE8AF95E6A8A1E5BC8FE1
S3250800BC983A2025640A0000005B445331384232305D20E29C9320E8AEBEE5A487E6A380E691
S3250800BCB8B58BE68890E58A9F000000005B445331384232305D20E29C9720E69CAAE6A3802C
S3250800BCD8E6B58BE588B0E8AEBEE5A487EFBC8CE6A380E69FA5E68EA5E7BABFE5928CE4B815
S3250800BCF88AE68B89E794B5E998BB00005B4B45595D20E68C89E994AEE5889DE5A78BE58CB5
S3250800BD1896E5AE8CE68890005B4B45595D204B303A205045342028E69CACE59CB0E594A427
S3250800BD38E9869229000000005B4B45595D204B313A205045332028E699AEE9809AE68C89E1
S3250800BD58E994AE29000000005B4B45595D204B3020E58DA1E6BB9E2120E5B7B2E68C89E44D
S3250800BD78B88B20256C646D730A0000005B4B45595D204B3020E68C89E4B88B20256C646D5B
S3250800BD98730A00005B4B45595D204B3120E58DA1E6BB9E2120E5B7B2E68C89E4B88B20255B
S3250800BDB86C646D730A0000005B4B45595D204B3120E68C89E4B88B20256C646D730A000025
S3250800BDD85B4B45595D204B3020E4B8ADE696ADE8A7A6E58F910000005B4B45595D204B31F8
S3250800BDF820E4B8ADE696ADE8A7A6E58F910000005B4E564D5D2053504920636D6420747242
S3250800BE18616E736D6974206661696C65643A2025640A00005B4E564D5D205350492074783D
S3250800BE385F64617461207472616E736D6974206661696C65643A2025640A00005B4E564D93
S3250800BE585D20535049207472616E736D697472656365697665206661696C65642061742044
S3250800BE786F66667365742025753A2025640A00005B4E564D5D204552524F523A20576169A0
S3250800BE987452656164792074696D656F75742028256C75206D732921207374617475733D53
S3250800BEB83078253032580A005B4E564D5D2052656164792C207374617475733D30782530E3
S3250800BED83258202877616974656420256C75206D73290A005B4E564D5D205772697465457A
S3250800BEF86E61626C65207472616E736D6974206661696C65643A2025640A00005B4E564DCA
S3250800BF185D20537461747573206166746572205752454E3A203078253032580A0000000081
S3250800BF385B4E564D5D2057454C206E6F7420736574206166746572205752454E210000009E
S3250800BF585B4E564D5D20426C6F636B2070726F7465637420626974732073657420283078B8
S3250800BF7825303258292C20636C656172696E672E2E2E0A005B4E564D5D205752454E2066E3
S3250800BF986F7220756E70726F74656374206661696C65643A2025640A000000005B4E564DD8
S3250800BFB85D205772697465537461747573526567206661696C65643A2025640A00000000BF
S3250800BFD85B4E564D5D2053746174757320616674657220636C656172696E672042503A204B
S3250800BFF83078253032580A005B4E564D5D20577269746550616765207472616E736D6974A7
S3250800C018206661696C65643A2025640A000000005B4E564D5D20573235513136E5889DE55A
S3250800C038A78BE58C962E2E2E000000005B4E564D5D204A454445432049443A2030782530EF
S3250800C058366C580A000000005B4E564D5D20573235513136E8AF86E588ABE68890E58A9F36
S3250800C078202845463D57696E626F6E642C2034303D31364D290000005B4E564D5D2057329D
S3250800C09835513136E8AF86E588ABE5A4B1E8B4A52120E58FAFE883BD535049E9809AE4BFBF
S3250800C0B8A1E69C89E997AEE9A29800005B4E564D5D20E5889DE5A78BE58C96E5AE8CE688DF
S3250800C0D8900000005B4E564D5D203D3D3D3D3D3D3D3D3D3D204E564D20E8AFBBE58699E612
S3250800C0F8B58BE8AF95203D3D3D3D3D3D3D3D3D3D000000005B4E564D5D20E58699E585A550
S3250800C11856494E3A2025730A000000005B4E564D5D20E8AFBBE58F9656494E286279746522
S3250800C13873293A20000000005B4E564D5D20E8AFBBE58F9656494E3A2025730A00000000D5
S3250800C1585B4E564D5D20E8AFBBE58F9656494EE5A4B1E8B4A53A2025640A00005B4E564DF3
S3250800C1785D20E58699E585A5E588B7E58699E8AEA1E695B0E599A83A2025640A000000006C
S3250800C1985B4E564D5D20E8AFBBE58F96E588B7E58699E8AEA1E695B0E599A83A2025640AB7
S3250800C1B8000000005B4E564D5D20E8AFBBE58F96E588B7E58699E8AEA1E695B0E599A8E59F
S3250800C1D8A4B1E8B4A53A2025640A00005B4E564D5D20E6B58BE8AF95E5AE8CE6889000007E
S3250800C1F84E303030303030303030303030303130460000005B50574D5D20E590AFE58AA8AD
S3250800C21850574DE8BE93E587BA2E2E2E000000005B50574D5D2054494D34E590AFE58AA8F6
S3250800C238E78AB6E680813A25642E2E2E0A0000005B50574D5D20E9A9ACE8BEBEE696B9E5EB
S3250800C2589091E8AEBEE7BDAEE4B8BA3A20E6ADA3E8BDAC20284C4F57290000005B50574D08
S3250800C2785D20E5889DE5A78BE58C96E5AE8CE68890EFBC81000000005B50574D5D20E9A94C
S3250800C298ACE8BEBEE9809FE5BAA6E689ABE68F8FE5AE8CE68890EFBC8CE9878DE696B0E59B
S3250800C2B8BC80E5A78B0000005B50574D5D20E9A9ACE8BEBEE9809FE5BAA63A20256425251D
S3250800C2D80A0000005B50574D5D20E9A9ACE8BEBEE696B9E590913A20E6ADA3E8BDAC20285C
S3250800C2F84C4F5729000000005B50574D5D20E9A9ACE8BEBEE696B9E590913A20E58F8DE811
S3250800C318BDAC202848494748290000005B50574D5D20E8AEBEE7BDAEE6B58BE8AF95E6A8AB
S3250800C338A1E5BC8F3A2025640A000000F40100000001000000000000000001000000000022
S3250800C35800000000000000000102030406070809000000000102030400000000A0010000E4
S3250800C3780800000001000000A00300000400000003000000150400000400000005000000C2
S3250800C398A8070000080000000200000010020000FF0700000800000004000000A0070000F3
S3250800C3B8FF0700000800000006000000DF070000FF07000008000000000000000800010046
S3250800C3D80100040002000200020003000202020004000204020005000300080006000400FD
S3250800C3F808010700050008000801000010000901020008000A02000008000B0201000400A7
S3250800C4180C02020010000D02040010000E02060002000F0206020200100300000800110351
S3250800C43801000800120302000100130302010100140302020100150303000800080400044C
S3250800C458494E4600696E66004E414E006E616E00300030313233343536373839414243443B
S3250800C4784546003031323334353637383961626364656600496E66696E697479004E614E62
S3250800C498005245454E54206D616C6C6F6320737563636565646564002F6275696C642F67C6
S3250800C4B86E752D746F6F6C732D666F722D73746D33325F31332E332E72656C312E32303233
S3250800C4D834303932362D313731352F7372632F6E65776C69622F6E65776C69622F6C6962F9
S3250800C4F8632F7374646C69622F64746F612E630042616C6C6F632073756363656564656488
S3250800C518002F6275696C642F676E752D746F6F6C732D666F722D73746D33325F31332E3361
S3250800C5382E72656C312E32303234303932362D313731352F7372632F6E65776C69622F6EAD
S3250800C55865776C69622F6C6962632F7374646C69622F6D707265632E6300232D302B200086
S3250800C578686C4C00656667454647004300504F534958002E002C2066756E6374696F6E3A81
S3250800C5982000617373657274696F6E2022257322206661696C65643A2066696C652022259B
S3250800C5B873222C206C696E65202564257325730A0000000005000000190000007D0000004E
S3250800C5D80080E03779C34143176E05B5B5B89346F5F93FE9034F384D321D30F94877825A59
S3250800C5F83CBF737FDD4F1575000000000000F03F0000000000002440000000000000594046
S3250800C6180000000000408F40000000000088C34000000000006AF8400000000080842E4145
S3250800C63800000000D01263410000000084D797410000000065CDCD41000000205FA0024278
S3250800C658000000E876483742000000A2941A6D42000040E59C30A2420000901EC4BCD6427B
S3250800C67800003426F56B0C430080E03779C3414300A0D8855734764300C84E676DC1AB435A
S3250800C698003D9160E458E143408CB5781DAF154450EFE2D6E41A4B4492D54D06CFF0804407
S3250800C6B8F64AE1C7022DB544B49DD9794378EA4400202020202020202020282828282820B0
S3250800C6D82020202020202020202020202020202020881010101010101010101010101010AC
S3250800C6F81004040404040404040404101010101010104141414141410101010101010101DE
S3250800C7180101010101010101010101011010101010104242424242420202020202020202EB
S3250800C73802020202020202020202020210101010200000000000000000000000000000005B
S3250800C7580000000000000000000000000000000000000000000000000000000000000000B3
S3250800C778000000000000000000000000000000000000000000000000000000000000000093
S3250800C798000000000000000000000000000000000000000000000000000000000000000073
S3190800C7B800000000000000000000000000000000000000005F
S30D0800C7CC043AFF7F010000009A
S3090800C7D4B501000895
S3090800C7D891010008B5
S3250800C7DC0024F400001002401000000000000000000000000010024008000000000000005B
S3250800C7FC0000000001000000100000000100000000000000030000002C1500204000002039
S3250800C81C000000002C15002094150020FC1500200000000000000000000000000000000093
S3250800C83C0000000000000000000000000000000000000000000000000000000000000000CE
S3250800C85C00000000000000000000000043000000000000000000000000000000000000006B
S3250800C87C00000000000000000000000043000000000000000000000000000000000000004B
S3250800C89C00000000000000000000000043000000000000000000000000000000000000002B
S3250800C8BC00000000000000000000000043000000000000000000000000000000000000000B
S3250800C8DC0000000000000000000000004300000000000000000000000000000000000000EB
S3250800C8FC0000000000000000000000004300000000000000000000000000000000000000CB
S3250800C91C0000000000000000000000004300000000000000000000000000000000000000AA
S3250800C93C000000000000000000000000E9B90008C5B9000800000000C8C600088BC50008AF
S3250800C95CC8C50008C8C50008C8C50008C8C50008C8C50008C8C50008C8C50008C8C5000805
S3250800C97CC8C50008FFFFFFFFFFFFFFFFFFFFFFFFFFFF00000100415343494900000000009C
S3250800C99C000000000000000000000000000000000000000000004153434949000000000004
S31D0800C9BC00000000000000000000000000000000000000000000000055
S705080043753A
